sol_t-1,ls_t-1,max_temp_t-1,pressure_t-1,sol,ls,max_temp,pressure
10.0,155.0,-16.0,739.0,11,156,-11.0,740.0
11.0,156.0,-11.0,740.0,12,156,-18.0,741.0
12.0,156.0,-18.0,741.0,13,157,-15.0,732.0
13.0,157.0,-15.0,732.0,14,157,-16.0,740.0
14.0,157.0,-16.0,740.0,15,158,-15.0,740.0
15.0,158.0,-15.0,740.0,16,158,0.0,740.0
16.0,158.0,0.0,740.0,17,159,-4.0,742.0
17.0,159.0,-4.0,742.0,21,161,-3.0,741.0
21.0,161.0,-3.0,741.0,22,162,-6.0,742.0
22.0,162.0,-6.0,742.0,23,162,-16.0,741.0
23.0,162.0,-16.0,741.0,24,163,-7.0,742.0
24.0,163.0,-7.0,742.0,25,163,-11.0,743.0
25.0,163.0,-11.0,743.0,26,164,-14.0,745.0
26.0,164.0,-14.0,745.0,27,164,-15.0,743.0
27.0,164.0,-15.0,743.0,28,165,-15.0,745.0
28.0,165.0,-15.0,745.0,29,166,-2.0,747.0
29.0,166.0,-2.0,747.0,30,166,-3.0,747.0
30.0,166.0,-3.0,747.0,31,167,-23.0,745.0
31.0,167.0,-23.0,745.0,33,168,-2.0,748.0
33.0,168.0,-2.0,748.0,34,168,1.0,748.0
34.0,168.0,1.0,748.0,35,169,-1.0,749.0
35.0,169.0,-1.0,749.0,36,169,-1.0,750.0
36.0,169.0,-1.0,750.0,37,170,0.0,750.0
37.0,170.0,0.0,750.0,38,171,-13.0,750.0
38.0,171.0,-13.0,750.0,39,171,-8.0,751.0
39.0,171.0,-8.0,751.0,40,172,-12.0,753.0
40.0,172.0,-12.0,753.0,41,172,-12.0,753.0
41.0,172.0,-12.0,753.0,42,173,-7.0,754.0
42.0,173.0,-7.0,754.0,43,173,-12.0,756.0
43.0,173.0,-12.0,756.0,44,174,-10.0,757.0
44.0,174.0,-10.0,757.0,45,175,-9.0,758.0
45.0,175.0,-9.0,758.0,46,175,-12.0,758.0
46.0,175.0,-12.0,758.0,47,176,-9.0,758.0
47.0,176.0,-9.0,758.0,48,176,0.0,759.0
48.0,176.0,0.0,759.0,49,177,-10.0,761.0
49.0,177.0,-10.0,761.0,50,177,-10.0,761.0
50.0,177.0,-10.0,761.0,51,178,-7.0,762.0
51.0,178.0,-7.0,762.0,52,179,-7.0,762.0
52.0,179.0,-7.0,762.0,53,179,-5.0,764.0
53.0,179.0,-5.0,764.0,54,180,-9.0,766.0
54.0,180.0,-9.0,766.0,55,180,-2.0,766.0
55.0,180.0,-2.0,766.0,56,181,-4.0,768.0
56.0,181.0,-4.0,768.0,57,181,-3.0,769.0
57.0,181.0,-3.0,769.0,58,182,-3.0,769.0
58.0,182.0,-3.0,769.0,59,183,-1.0,771.0
59.0,183.0,-1.0,771.0,60,183,-2.0,772.0
60.0,183.0,-2.0,772.0,61,184,-2.0,772.0
61.0,184.0,-2.0,772.0,62,184,-1.0,774.0
62.0,184.0,-1.0,774.0,63,185,0.0,775.0
63.0,185.0,0.0,775.0,64,186,0.0,776.0
64.0,186.0,0.0,776.0,65,186,-2.0,777.0
65.0,186.0,-2.0,777.0,66,187,-2.0,778.0
66.0,187.0,-2.0,778.0,67,187,-6.0,780.0
67.0,187.0,-6.0,780.0,68,188,-2.0,781.0
68.0,188.0,-2.0,781.0,69,189,0.0,778.0
69.0,189.0,0.0,778.0,70,189,-1.0,783.0
70.0,189.0,-1.0,783.0,71,190,-2.0,784.0
71.0,190.0,-2.0,784.0,72,190,-2.0,785.0
72.0,190.0,-2.0,785.0,73,191,0.0,788.0
73.0,191.0,0.0,788.0,74,192,-5.0,790.0
74.0,192.0,-5.0,790.0,75,192,-1.0,791.0
75.0,192.0,-1.0,791.0,76,193,-1.0,792.0
76.0,193.0,-1.0,792.0,77,193,0.0,792.0
77.0,193.0,0.0,792.0,78,194,0.0,793.0
78.0,194.0,0.0,793.0,79,195,-1.0,795.0
79.0,195.0,-1.0,795.0,80,195,-3.0,796.0
80.0,195.0,-3.0,796.0,81,196,-2.0,798.0
81.0,196.0,-2.0,798.0,82,196,0.0,799.0
82.0,196.0,0.0,799.0,83,197,0.0,801.0
83.0,197.0,0.0,801.0,84,198,0.0,801.0
84.0,198.0,0.0,801.0,85,198,-1.0,805.0
85.0,198.0,-1.0,805.0,86,199,-4.0,808.0
86.0,199.0,-4.0,808.0,87,199,-2.0,808.0
87.0,199.0,-2.0,808.0,88,200,-2.0,811.0
88.0,200.0,-2.0,811.0,89,201,-1.0,813.0
89.0,201.0,-1.0,813.0,90,201,0.0,813.0
90.0,201.0,0.0,813.0,91,202,-1.0,817.0
91.0,202.0,-1.0,817.0,92,202,-1.0,820.0
92.0,202.0,-1.0,820.0,93,203,-1.0,819.0
93.0,203.0,-1.0,819.0,94,204,0.0,822.0
94.0,204.0,0.0,822.0,95,204,0.0,822.0
95.0,204.0,0.0,822.0,96,205,2.0,826.0
96.0,205.0,2.0,826.0,97,206,-3.0,828.0
97.0,206.0,-3.0,828.0,98,206,-1.0,828.0
98.0,206.0,-1.0,828.0,99,207,-1.0,829.0
99.0,207.0,-1.0,829.0,100,207,-1.0,829.0
100.0,207.0,-1.0,829.0,101,208,-2.0,830.0
101.0,208.0,-2.0,830.0,102,209,-3.0,833.0
102.0,209.0,-3.0,833.0,103,209,-3.0,836.0
103.0,209.0,-3.0,836.0,104,210,-5.0,838.0
104.0,210.0,-5.0,838.0,105,211,-6.0,839.0
105.0,211.0,-6.0,839.0,106,211,-8.0,841.0
106.0,211.0,-8.0,841.0,107,212,-5.0,844.0
107.0,212.0,-5.0,844.0,108,212,-4.0,845.0
108.0,212.0,-4.0,845.0,109,213,-3.0,844.0
109.0,213.0,-3.0,844.0,110,214,-5.0,848.0
110.0,214.0,-5.0,848.0,111,214,-4.0,849.0
111.0,214.0,-4.0,849.0,112,215,-8.0,852.0
112.0,215.0,-8.0,852.0,113,216,-6.0,857.0
113.0,216.0,-6.0,857.0,114,216,-6.0,857.0
114.0,216.0,-6.0,857.0,115,217,-8.0,857.0
115.0,217.0,-8.0,857.0,116,217,-6.0,859.0
116.0,217.0,-6.0,859.0,117,218,-5.0,861.0
117.0,218.0,-5.0,861.0,118,219,-6.0,864.0
118.0,219.0,-6.0,864.0,119,219,-6.0,866.0
119.0,219.0,-6.0,866.0,120,220,-3.0,867.0
120.0,220.0,-3.0,867.0,121,221,0.0,869.0
121.0,221.0,0.0,869.0,122,221,-3.0,869.0
122.0,221.0,-3.0,869.0,123,222,-10.0,875.0
123.0,222.0,-10.0,875.0,124,223,-5.0,876.0
124.0,223.0,-5.0,876.0,125,223,-5.0,880.0
125.0,223.0,-5.0,880.0,126,224,-4.0,880.0
126.0,224.0,-4.0,880.0,127,224,-1.0,884.0
127.0,224.0,-1.0,884.0,128,225,-3.0,883.0
128.0,225.0,-3.0,883.0,129,226,-2.0,886.0
129.0,226.0,-2.0,886.0,130,226,-9.0,888.0
130.0,226.0,-9.0,888.0,131,227,-8.0,889.0
131.0,227.0,-8.0,889.0,132,228,-6.0,890.0
132.0,228.0,-6.0,890.0,133,228,1.0,891.0
133.0,228.0,1.0,891.0,134,229,-1.0,893.0
134.0,229.0,-1.0,893.0,135,230,-5.0,894.0
135.0,230.0,-5.0,894.0,136,230,-1.0,897.0
136.0,230.0,-1.0,897.0,137,231,-1.0,896.0
137.0,231.0,-1.0,896.0,138,232,-1.0,899.0
138.0,232.0,-1.0,899.0,139,232,0.0,899.0
139.0,232.0,0.0,899.0,140,233,-2.0,903.0
140.0,233.0,-2.0,903.0,141,233,-2.0,904.0
141.0,233.0,-2.0,904.0,142,234,0.0,906.0
142.0,234.0,0.0,906.0,143,235,-2.0,908.0
143.0,235.0,-2.0,908.0,144,235,2.0,907.0
144.0,235.0,2.0,907.0,145,236,-1.0,909.0
145.0,236.0,-1.0,909.0,146,237,-1.0,908.0
146.0,237.0,-1.0,908.0,147,237,0.0,914.0
147.0,237.0,0.0,914.0,148,238,-3.0,912.0
148.0,238.0,-3.0,912.0,149,239,0.0,914.0
149.0,239.0,0.0,914.0,150,239,-3.0,913.0
150.0,239.0,-3.0,913.0,151,240,-3.0,915.0
151.0,240.0,-3.0,915.0,152,241,1.0,914.0
152.0,241.0,1.0,914.0,153,241,1.0,915.0
153.0,241.0,1.0,915.0,154,242,-2.0,917.0
154.0,242.0,-2.0,917.0,155,243,0.0,917.0
155.0,243.0,0.0,917.0,156,243,0.0,922.0
156.0,243.0,0.0,922.0,157,244,-2.0,920.0
157.0,244.0,-2.0,920.0,158,245,-3.0,922.0
158.0,245.0,-3.0,922.0,159,245,-4.0,918.0
159.0,245.0,-4.0,918.0,160,246,-3.0,919.0
160.0,246.0,-3.0,919.0,161,246,-2.0,919.0
161.0,246.0,-2.0,919.0,162,247,-1.0,919.0
162.0,247.0,-1.0,919.0,163,248,-1.0,919.0
163.0,248.0,-1.0,919.0,164,248,-1.0,919.0
164.0,248.0,-1.0,919.0,165,249,-3.0,922.0
165.0,249.0,-3.0,922.0,166,250,-5.0,922.0
166.0,250.0,-5.0,922.0,167,250,-3.0,920.0
167.0,250.0,-3.0,920.0,168,251,1.0,923.0
168.0,251.0,1.0,923.0,169,252,0.0,922.0
169.0,252.0,0.0,922.0,170,252,0.0,925.0
170.0,252.0,0.0,925.0,171,253,1.0,925.0
171.0,253.0,1.0,925.0,172,254,0.0,923.0
172.0,254.0,0.0,923.0,173,254,0.0,920.0
173.0,254.0,0.0,920.0,174,255,0.0,921.0
174.0,255.0,0.0,921.0,175,256,-4.0,921.0
175.0,256.0,-4.0,921.0,176,256,0.0,920.0
176.0,256.0,0.0,920.0,177,257,-1.0,921.0
177.0,257.0,-1.0,921.0,178,258,-2.0,920.0
178.0,258.0,-2.0,920.0,179,258,-7.0,920.0
179.0,258.0,-7.0,920.0,180,259,-1.0,919.0
180.0,259.0,-1.0,919.0,181,260,1.0,918.0
181.0,260.0,1.0,918.0,182,260,0.0,921.0
182.0,260.0,0.0,921.0,183,261,-1.0,921.0
183.0,261.0,-1.0,921.0,184,261,0.0,923.0
184.0,261.0,0.0,923.0,185,262,-5.0,923.0
185.0,262.0,-5.0,923.0,186,263,-2.0,922.0
186.0,263.0,-2.0,922.0,187,263,-1.0,921.0
187.0,263.0,-1.0,921.0,188,264,-3.0,920.0
188.0,264.0,-3.0,920.0,189,265,-2.0,920.0
189.0,265.0,-2.0,920.0,190,265,-3.0,917.0
190.0,265.0,-3.0,917.0,191,266,-3.0,921.0
191.0,266.0,-3.0,921.0,196,269,-3.0,916.0
196.0,269.0,-3.0,916.0,197,270,-3.0,915.0
197.0,270.0,-3.0,915.0,198,271,-2.0,914.0
198.0,271.0,-2.0,914.0,199,271,0.0,917.0
199.0,271.0,0.0,917.0,223,287,-5.0,895.0
223.0,287.0,-5.0,895.0,224,287,-1.0,894.0
224.0,287.0,-1.0,894.0,225,288,-8.0,894.0
225.0,288.0,-8.0,894.0,226,288,1.0,894.0
226.0,288.0,1.0,894.0,227,289,4.0,892.0
227.0,289.0,4.0,892.0,228,290,-3.0,894.0
228.0,290.0,-3.0,894.0,229,290,-4.0,894.0
229.0,290.0,-4.0,894.0,230,291,0.0,888.0
230.0,291.0,0.0,888.0,231,292,-6.0,890.0
231.0,292.0,-6.0,890.0,232,292,-5.0,888.0
232.0,292.0,-5.0,888.0,233,293,-3.0,889.0
233.0,293.0,-3.0,889.0,234,293,-4.0,890.0
234.0,293.0,-4.0,890.0,235,294,0.0,886.0
235.0,294.0,0.0,886.0,236,295,-3.0,886.0
236.0,295.0,-3.0,886.0,237,295,-5.0,883.0
237.0,295.0,-5.0,883.0,238,296,-2.0,885.0
238.0,296.0,-2.0,885.0,239,297,-1.0,885.0
239.0,297.0,-1.0,885.0,240,297,-6.0,884.0
240.0,297.0,-6.0,884.0,241,298,0.0,884.0
241.0,298.0,0.0,884.0,242,298,-7.0,881.0
242.0,298.0,-7.0,881.0,243,299,-7.0,884.0
243.0,299.0,-7.0,884.0,244,300,-6.0,878.0
244.0,300.0,-6.0,878.0,245,300,-6.0,879.0
245.0,300.0,-6.0,879.0,246,301,-1.0,878.0
246.0,301.0,-1.0,878.0,247,301,-4.0,873.0
247.0,301.0,-4.0,873.0,248,302,-4.0,877.0
248.0,302.0,-4.0,877.0,249,303,-3.0,873.0
249.0,303.0,-3.0,873.0,250,303,-2.0,877.0
250.0,303.0,-2.0,877.0,251,304,-2.0,876.0
251.0,304.0,-2.0,876.0,252,304,-8.0,874.0
252.0,304.0,-8.0,874.0,253,305,-6.0,877.0
253.0,305.0,-6.0,877.0,254,306,-3.0,871.0
254.0,306.0,-3.0,871.0,255,306,-5.0,877.0
255.0,306.0,-5.0,877.0,256,307,-2.0,871.0
256.0,307.0,-2.0,871.0,257,308,-1.0,871.0
257.0,308.0,-1.0,871.0,258,308,-9.0,869.0
258.0,308.0,-9.0,869.0,259,309,-3.0,871.0
259.0,309.0,-3.0,871.0,260,309,-11.0,875.0
260.0,309.0,-11.0,875.0,261,310,-4.0,868.0
261.0,310.0,-4.0,868.0,268,314,-5.0,864.0
268.0,314.0,-5.0,864.0,269,315,-3.0,866.0
269.0,315.0,-3.0,866.0,270,315,-6.0,863.0
270.0,315.0,-6.0,863.0,271,316,-6.0,864.0
271.0,316.0,-6.0,864.0,272,316,-5.0,864.0
272.0,316.0,-5.0,864.0,273,317,-4.0,861.0
273.0,317.0,-4.0,861.0,274,318,-2.0,861.0
274.0,318.0,-2.0,861.0,275,318,-6.0,860.0
275.0,318.0,-6.0,860.0,276,319,-4.0,858.0
276.0,319.0,-4.0,858.0,277,319,-4.0,857.0
277.0,319.0,-4.0,857.0,278,320,-3.0,855.0
278.0,320.0,-3.0,855.0,279,321,-5.0,856.0
279.0,321.0,-5.0,856.0,280,321,-4.0,856.0
280.0,321.0,-4.0,856.0,281,322,-2.0,855.0
281.0,322.0,-2.0,855.0,282,322,-2.0,856.0
282.0,322.0,-2.0,856.0,283,323,-4.0,854.0
283.0,323.0,-4.0,854.0,284,323,-3.0,854.0
284.0,323.0,-3.0,854.0,285,324,-5.0,852.0
285.0,324.0,-5.0,852.0,286,325,-2.0,854.0
286.0,325.0,-2.0,854.0,287,325,-3.0,856.0
287.0,325.0,-3.0,856.0,288,326,-4.0,854.0
288.0,326.0,-4.0,854.0,289,326,-3.0,854.0
289.0,326.0,-3.0,854.0,290,327,-3.0,853.0
290.0,327.0,-3.0,853.0,291,327,-4.0,853.0
291.0,327.0,-4.0,853.0,292,328,-1.0,853.0
292.0,328.0,-1.0,853.0,293,329,-4.0,850.0
293.0,329.0,-4.0,850.0,294,329,-4.0,852.0
294.0,329.0,-4.0,852.0,295,330,-15.0,853.0
295.0,330.0,-15.0,853.0,296,330,-9.0,850.0
296.0,330.0,-9.0,850.0,297,331,-7.0,849.0
297.0,331.0,-7.0,849.0,298,331,-3.0,850.0
298.0,331.0,-3.0,850.0,299,332,-8.0,849.0
299.0,332.0,-8.0,849.0,300,333,-8.0,852.0
300.0,333.0,-8.0,852.0,301,333,-6.0,852.0
301.0,333.0,-6.0,852.0,302,334,-3.0,850.0
302.0,334.0,-3.0,850.0,303,334,-8.0,849.0
303.0,334.0,-8.0,849.0,304,335,-6.0,848.0
304.0,335.0,-6.0,848.0,305,335,-5.0,847.0
305.0,335.0,-5.0,847.0,306,336,-8.0,848.0
306.0,336.0,-8.0,848.0,307,336,-8.0,851.0
307.0,336.0,-8.0,851.0,308,337,-5.0,850.0
308.0,337.0,-5.0,850.0,309,338,-7.0,848.0
309.0,338.0,-7.0,848.0,310,338,-9.0,849.0
310.0,338.0,-9.0,849.0,311,339,-8.0,846.0
311.0,339.0,-8.0,846.0,312,339,-11.0,845.0
312.0,339.0,-11.0,845.0,313,340,-14.0,849.0
313.0,340.0,-14.0,849.0,314,340,-11.0,848.0
314.0,340.0,-11.0,848.0,315,341,-10.0,850.0
315.0,341.0,-10.0,850.0,316,341,-16.0,851.0
316.0,341.0,-16.0,851.0,317,342,-4.0,849.0
317.0,342.0,-4.0,849.0,318,342,-4.0,849.0
318.0,342.0,-4.0,849.0,319,343,-3.0,847.0
319.0,343.0,-3.0,847.0,320,344,-4.0,846.0
320.0,344.0,-4.0,846.0,321,344,-5.0,847.0
321.0,344.0,-5.0,847.0,322,345,-5.0,849.0
322.0,345.0,-5.0,849.0,323,345,-6.0,847.0
323.0,345.0,-6.0,847.0,324,346,-8.0,850.0
324.0,346.0,-8.0,850.0,325,346,-8.0,847.0
325.0,346.0,-8.0,847.0,326,347,-5.0,848.0
326.0,347.0,-5.0,848.0,327,347,-8.0,848.0
327.0,347.0,-8.0,848.0,328,348,-5.0,847.0
328.0,348.0,-5.0,847.0,329,348,-7.0,847.0
329.0,348.0,-7.0,847.0,330,349,-5.0,848.0
330.0,349.0,-5.0,848.0,331,349,-3.0,848.0
331.0,349.0,-3.0,848.0,332,350,-5.0,849.0
332.0,350.0,-5.0,849.0,333,350,-5.0,849.0
333.0,350.0,-5.0,849.0,334,351,-6.0,852.0
334.0,351.0,-6.0,852.0,335,352,-7.0,852.0
335.0,352.0,-7.0,852.0,336,352,-8.0,852.0
336.0,352.0,-8.0,852.0,337,353,-7.0,853.0
337.0,353.0,-7.0,853.0,338,353,-7.0,848.0
338.0,353.0,-7.0,848.0,339,354,-8.0,849.0
339.0,354.0,-8.0,849.0,340,354,-6.0,851.0
340.0,354.0,-6.0,851.0,341,355,-6.0,852.0
341.0,355.0,-6.0,852.0,342,355,-7.0,851.0
342.0,355.0,-7.0,851.0,343,356,-11.0,850.0
343.0,356.0,-11.0,850.0,344,356,-6.0,851.0
344.0,356.0,-6.0,851.0,345,357,-7.0,853.0
345.0,357.0,-7.0,853.0,346,357,-7.0,853.0
346.0,357.0,-7.0,853.0,347,358,-9.0,851.0
347.0,358.0,-9.0,851.0,348,358,-8.0,850.0
348.0,358.0,-8.0,850.0,349,359,-12.0,852.0
349.0,359.0,-12.0,852.0,350,359,-6.0,853.0
350.0,359.0,-6.0,853.0,351,0,-12.0,853.0
351.0,0.0,-12.0,853.0,352,0,-9.0,854.0
352.0,0.0,-9.0,854.0,353,1,-8.0,855.0
353.0,1.0,-8.0,855.0,354,1,-13.0,857.0
354.0,1.0,-13.0,857.0,355,2,-7.0,857.0
355.0,2.0,-7.0,857.0,356,2,-7.0,856.0
356.0,2.0,-7.0,856.0,357,3,-7.0,857.0
357.0,3.0,-7.0,857.0,366,7,-12.0,861.0
366.0,7.0,-12.0,861.0,367,8,-9.0,862.0
367.0,8.0,-9.0,862.0,368,8,-9.0,863.0
368.0,8.0,-9.0,863.0,369,9,-9.0,865.0
369.0,9.0,-9.0,865.0,370,9,-9.0,865.0
370.0,9.0,-9.0,865.0,371,10,-11.0,865.0
371.0,10.0,-11.0,865.0,372,10,-9.0,866.0
372.0,10.0,-9.0,866.0,373,11,-8.0,866.0
373.0,11.0,-8.0,866.0,374,11,-9.0,866.0
374.0,11.0,-9.0,866.0,375,12,-9.0,867.0
375.0,12.0,-9.0,867.0,376,12,-11.0,870.0
376.0,12.0,-11.0,870.0,377,13,-12.0,870.0
377.0,13.0,-12.0,870.0,378,13,-18.0,869.0
378.0,13.0,-18.0,869.0,379,14,-12.0,870.0
379.0,14.0,-12.0,870.0,380,14,-13.0,870.0
380.0,14.0,-13.0,870.0,381,15,-13.0,871.0
381.0,15.0,-13.0,871.0,382,15,-14.0,872.0
382.0,15.0,-14.0,872.0,383,16,-12.0,874.0
383.0,16.0,-12.0,874.0,384,16,-12.0,875.0
384.0,16.0,-12.0,875.0,385,17,-12.0,874.0
385.0,17.0,-12.0,874.0,386,17,-12.0,873.0
386.0,17.0,-12.0,873.0,387,18,-13.0,874.0
387.0,18.0,-13.0,874.0,388,18,-13.0,875.0
388.0,18.0,-13.0,875.0,389,19,-14.0,875.0
389.0,19.0,-14.0,875.0,390,19,-16.0,875.0
390.0,19.0,-16.0,875.0,391,20,-17.0,875.0
391.0,20.0,-17.0,875.0,392,20,-17.0,876.0
392.0,20.0,-17.0,876.0,393,21,-18.0,877.0
393.0,21.0,-18.0,877.0,394,21,-18.0,878.0
394.0,21.0,-18.0,878.0,395,22,-20.0,878.0
395.0,22.0,-20.0,878.0,396,22,-15.0,879.0
396.0,22.0,-15.0,879.0,397,23,-15.0,880.0
397.0,23.0,-15.0,880.0,398,23,-14.0,880.0
398.0,23.0,-14.0,880.0,399,24,-16.0,881.0
399.0,24.0,-16.0,881.0,400,24,-16.0,881.0
400.0,24.0,-16.0,881.0,401,25,-15.0,882.0
401.0,25.0,-15.0,882.0,402,25,-18.0,883.0
402.0,25.0,-18.0,883.0,403,25,-18.0,883.0
403.0,25.0,-18.0,883.0,404,26,-20.0,884.0
404.0,26.0,-20.0,884.0,405,26,-25.0,885.0
405.0,26.0,-25.0,885.0,406,27,-15.0,886.0
406.0,27.0,-15.0,886.0,407,27,-17.0,887.0
407.0,27.0,-17.0,887.0,408,28,-16.0,887.0
408.0,28.0,-16.0,887.0,409,28,-17.0,887.0
409.0,28.0,-17.0,887.0,410,29,-14.0,888.0
410.0,29.0,-14.0,888.0,411,29,-17.0,887.0
411.0,29.0,-17.0,887.0,412,30,-22.0,888.0
412.0,30.0,-22.0,888.0,413,30,-22.0,888.0
413.0,30.0,-22.0,888.0,414,31,-18.0,889.0
414.0,31.0,-18.0,889.0,415,31,-19.0,890.0
415.0,31.0,-19.0,890.0,416,32,-18.0,889.0
416.0,32.0,-18.0,889.0,417,32,-21.0,890.0
417.0,32.0,-21.0,890.0,418,33,-21.0,891.0
418.0,33.0,-21.0,891.0,419,33,-24.0,891.0
419.0,33.0,-24.0,891.0,420,33,-19.0,892.0
420.0,33.0,-19.0,892.0,421,34,-24.0,890.0
421.0,34.0,-24.0,890.0,422,34,-20.0,891.0
422.0,34.0,-20.0,891.0,423,35,-24.0,892.0
423.0,35.0,-24.0,892.0,424,35,-22.0,893.0
424.0,35.0,-22.0,893.0,425,36,-21.0,893.0
425.0,36.0,-21.0,893.0,426,36,-22.0,893.0
426.0,36.0,-22.0,893.0,427,37,-21.0,893.0
427.0,37.0,-21.0,893.0,428,37,-23.0,894.0
428.0,37.0,-23.0,894.0,429,38,-21.0,895.0
429.0,38.0,-21.0,895.0,430,38,-24.0,896.0
430.0,38.0,-24.0,896.0,431,39,-24.0,895.0
431.0,39.0,-24.0,895.0,432,39,-26.0,896.0
432.0,39.0,-26.0,896.0,433,40,-26.0,895.0
433.0,40.0,-26.0,895.0,434,40,-25.0,896.0
434.0,40.0,-25.0,896.0,435,40,-24.0,896.0
435.0,40.0,-24.0,896.0,436,41,-24.0,897.0
436.0,41.0,-24.0,897.0,437,41,-27.0,898.0
437.0,41.0,-27.0,898.0,438,42,-26.0,899.0
438.0,42.0,-26.0,899.0,439,42,-21.0,899.0
439.0,42.0,-21.0,899.0,440,43,-25.0,899.0
440.0,43.0,-25.0,899.0,441,43,-23.0,900.0
441.0,43.0,-23.0,900.0,442,44,-22.0,900.0
442.0,44.0,-22.0,900.0,443,44,-24.0,901.0
443.0,44.0,-24.0,901.0,455,50,-28.0,905.0
455.0,50.0,-28.0,905.0,456,50,-26.0,905.0
456.0,50.0,-26.0,905.0,463,53,-26.0,906.0
463.0,53.0,-26.0,906.0,464,54,-26.0,906.0
464.0,54.0,-26.0,906.0,465,54,-23.0,906.0
465.0,54.0,-23.0,906.0,466,55,-26.0,907.0
466.0,55.0,-26.0,907.0,467,55,-28.0,907.0
467.0,55.0,-28.0,907.0,468,55,-29.0,907.0
468.0,55.0,-29.0,907.0,469,56,-29.0,908.0
469.0,56.0,-29.0,908.0,470,56,-26.0,907.0
470.0,56.0,-26.0,907.0,471,57,-26.0,906.0
471.0,57.0,-26.0,906.0,472,57,-31.0,907.0
472.0,57.0,-31.0,907.0,473,58,-29.0,907.0
473.0,58.0,-29.0,907.0,474,58,-26.0,906.0
474.0,58.0,-26.0,906.0,475,59,-28.0,906.0
475.0,59.0,-28.0,906.0,476,59,-25.0,906.0
476.0,59.0,-25.0,906.0,477,60,-26.0,907.0
477.0,60.0,-26.0,907.0,486,64,-31.0,904.0
486.0,64.0,-31.0,904.0,487,64,-30.0,904.0
487.0,64.0,-30.0,904.0,488,64,-23.0,903.0
488.0,64.0,-23.0,903.0,489,65,-29.0,904.0
489.0,65.0,-29.0,904.0,490,65,-31.0,903.0
490.0,65.0,-31.0,903.0,491,66,-30.0,903.0
491.0,66.0,-30.0,903.0,492,66,-30.0,903.0
492.0,66.0,-30.0,903.0,493,67,-32.0,902.0
493.0,67.0,-32.0,902.0,494,67,-24.0,902.0
494.0,67.0,-24.0,902.0,495,68,-26.0,900.0
495.0,68.0,-26.0,900.0,496,68,-26.0,901.0
496.0,68.0,-26.0,901.0,497,69,-30.0,901.0
497.0,69.0,-30.0,901.0,498,69,-28.0,901.0
498.0,69.0,-28.0,901.0,499,69,-30.0,899.0
499.0,69.0,-30.0,899.0,500,70,-23.0,897.0
500.0,70.0,-23.0,897.0,501,70,-28.0,898.0
501.0,70.0,-28.0,898.0,502,71,-30.0,898.0
502.0,71.0,-30.0,898.0,503,71,-28.0,897.0
503.0,71.0,-28.0,897.0,504,72,-29.0,895.0
504.0,72.0,-29.0,895.0,505,72,-29.0,895.0
505.0,72.0,-29.0,895.0,506,73,-27.0,894.0
506.0,73.0,-27.0,894.0,507,73,-25.0,894.0
507.0,73.0,-25.0,894.0,508,73,-29.0,893.0
508.0,73.0,-29.0,893.0,509,74,-30.0,895.0
509.0,74.0,-30.0,895.0,510,74,-31.0,892.0
510.0,74.0,-31.0,892.0,511,75,-31.0,892.0
511.0,75.0,-31.0,892.0,512,75,-24.0,890.0
512.0,75.0,-24.0,890.0,513,76,-29.0,889.0
513.0,76.0,-29.0,889.0,514,76,-29.0,888.0
514.0,76.0,-29.0,888.0,515,77,-23.0,888.0
515.0,77.0,-23.0,888.0,516,77,-25.0,888.0
516.0,77.0,-25.0,888.0,517,77,-27.0,885.0
517.0,77.0,-27.0,885.0,518,78,-29.0,885.0
518.0,78.0,-29.0,885.0,519,78,-25.0,884.0
519.0,78.0,-25.0,884.0,520,79,-24.0,884.0
520.0,79.0,-24.0,884.0,521,79,-26.0,882.0
521.0,79.0,-26.0,882.0,522,80,-26.0,881.0
522.0,80.0,-26.0,881.0,523,80,-25.0,881.0
523.0,80.0,-25.0,881.0,524,81,-27.0,880.0
524.0,81.0,-27.0,880.0,525,81,-29.0,878.0
525.0,81.0,-29.0,878.0,526,82,-24.0,878.0
526.0,82.0,-24.0,878.0,527,82,-23.0,877.0
527.0,82.0,-23.0,877.0,528,82,-26.0,876.0
528.0,82.0,-26.0,876.0,529,83,-23.0,875.0
529.0,83.0,-23.0,875.0,530,83,-28.0,873.0
530.0,83.0,-28.0,873.0,531,84,-22.0,872.0
531.0,84.0,-22.0,872.0,532,84,-23.0,872.0
532.0,84.0,-23.0,872.0,533,85,-30.0,871.0
533.0,85.0,-30.0,871.0,534,85,-29.0,869.0
534.0,85.0,-29.0,869.0,535,86,-29.0,868.0
535.0,86.0,-29.0,868.0,536,86,-29.0,867.0
536.0,86.0,-29.0,867.0,537,86,-28.0,865.0
537.0,86.0,-28.0,865.0,538,87,-25.0,865.0
538.0,87.0,-25.0,865.0,539,87,-23.0,864.0
539.0,87.0,-23.0,864.0,540,88,-29.0,862.0
540.0,88.0,-29.0,862.0,541,88,-27.0,861.0
541.0,88.0,-27.0,861.0,542,89,-28.0,859.0
542.0,89.0,-28.0,859.0,543,89,-26.0,858.0
543.0,89.0,-26.0,858.0,544,90,-27.0,857.0
544.0,90.0,-27.0,857.0,545,90,-29.0,856.0
545.0,90.0,-29.0,856.0,546,91,-34.0,855.0
546.0,91.0,-34.0,855.0,547,91,-29.0,853.0
547.0,91.0,-29.0,853.0,548,91,-28.0,852.0
548.0,91.0,-28.0,852.0,549,92,-23.0,851.0
549.0,92.0,-23.0,851.0,550,92,-27.0,850.0
550.0,92.0,-27.0,850.0,551,93,-28.0,848.0
551.0,93.0,-28.0,848.0,552,93,-29.0,847.0
552.0,93.0,-29.0,847.0,553,94,-26.0,845.0
553.0,94.0,-26.0,845.0,554,94,-22.0,843.0
554.0,94.0,-22.0,843.0,555,95,-31.0,843.0
555.0,95.0,-31.0,843.0,556,95,-29.0,842.0
556.0,95.0,-29.0,842.0,557,96,-29.0,840.0
557.0,96.0,-29.0,840.0,558,96,-26.0,839.0
558.0,96.0,-26.0,839.0,559,96,-27.0,838.0
559.0,96.0,-27.0,838.0,560,97,-23.0,836.0
560.0,97.0,-23.0,836.0,561,97,-23.0,835.0
561.0,97.0,-23.0,835.0,562,98,-23.0,834.0
562.0,98.0,-23.0,834.0,563,98,-31.0,833.0
563.0,98.0,-31.0,833.0,564,99,-27.0,831.0
564.0,99.0,-27.0,831.0,565,99,-27.0,830.0
565.0,99.0,-27.0,830.0,566,100,-27.0,829.0
566.0,100.0,-27.0,829.0,567,100,-28.0,827.0
567.0,100.0,-28.0,827.0,568,101,-28.0,825.0
568.0,101.0,-28.0,825.0,569,101,-27.0,825.0
569.0,101.0,-27.0,825.0,570,102,-26.0,823.0
570.0,102.0,-26.0,823.0,571,102,-26.0,821.0
571.0,102.0,-26.0,821.0,572,102,-27.0,820.0
572.0,102.0,-27.0,820.0,573,103,-27.0,819.0
573.0,103.0,-27.0,819.0,574,103,-23.0,817.0
574.0,103.0,-23.0,817.0,575,104,-26.0,816.0
575.0,104.0,-26.0,816.0,576,104,-26.0,815.0
576.0,104.0,-26.0,815.0,577,105,-27.0,813.0
577.0,105.0,-27.0,813.0,578,105,-23.0,812.0
578.0,105.0,-23.0,812.0,579,106,-22.0,811.0
579.0,106.0,-22.0,811.0,580,106,-24.0,810.0
580.0,106.0,-24.0,810.0,581,107,-28.0,808.0
581.0,107.0,-28.0,808.0,582,107,-27.0,807.0
582.0,107.0,-27.0,807.0,583,108,-27.0,806.0
583.0,108.0,-27.0,806.0,584,108,-25.0,804.0
584.0,108.0,-25.0,804.0,585,109,-26.0,802.0
585.0,109.0,-26.0,802.0,586,109,-24.0,802.0
586.0,109.0,-24.0,802.0,587,109,-28.0,801.0
587.0,109.0,-28.0,801.0,588,110,-24.0,799.0
588.0,110.0,-24.0,799.0,589,110,-27.0,798.0
589.0,110.0,-27.0,798.0,590,111,-26.0,797.0
590.0,111.0,-26.0,797.0,591,111,-26.0,795.0
591.0,111.0,-26.0,795.0,592,112,-26.0,795.0
592.0,112.0,-26.0,795.0,593,112,-23.0,795.0
593.0,112.0,-23.0,795.0,594,113,-22.0,793.0
594.0,113.0,-22.0,793.0,595,113,-25.0,792.0
595.0,113.0,-25.0,792.0,596,114,-24.0,791.0
596.0,114.0,-24.0,791.0,597,114,-26.0,790.0
597.0,114.0,-26.0,790.0,598,115,-25.0,787.0
598.0,115.0,-25.0,787.0,599,115,-20.0,788.0
599.0,115.0,-20.0,788.0,600,116,-25.0,787.0
600.0,116.0,-25.0,787.0,601,116,-25.0,785.0
601.0,116.0,-25.0,785.0,602,117,-22.0,784.0
602.0,117.0,-22.0,784.0,603,117,-15.0,783.0
603.0,117.0,-15.0,783.0,604,118,-17.0,782.0
604.0,118.0,-17.0,782.0,605,118,-22.0,781.0
605.0,118.0,-22.0,781.0,606,118,-27.0,780.0
606.0,118.0,-27.0,780.0,607,119,-28.0,779.0
607.0,119.0,-28.0,779.0,608,119,-21.0,777.0
608.0,119.0,-21.0,777.0,609,120,-20.0,777.0
609.0,120.0,-20.0,777.0,610,120,-20.0,776.0
610.0,120.0,-20.0,776.0,611,121,-23.0,775.0
611.0,121.0,-23.0,775.0,612,121,-27.0,774.0
612.0,121.0,-27.0,774.0,613,122,-21.0,773.0
613.0,122.0,-21.0,773.0,614,122,-19.0,772.0
614.0,122.0,-19.0,772.0,615,123,-23.0,771.0
615.0,123.0,-23.0,771.0,616,123,-19.0,769.0
616.0,123.0,-19.0,769.0,617,124,-19.0,769.0
617.0,124.0,-19.0,769.0,618,124,-23.0,769.0
618.0,124.0,-23.0,769.0,619,125,-22.0,766.0
619.0,125.0,-22.0,766.0,620,125,-19.0,765.0
620.0,125.0,-19.0,765.0,621,126,-21.0,765.0
621.0,126.0,-21.0,765.0,622,126,-19.0,763.0
622.0,126.0,-19.0,763.0,623,127,-21.0,763.0
623.0,127.0,-21.0,763.0,624,127,-19.0,762.0
624.0,127.0,-19.0,762.0,625,128,-24.0,761.0
625.0,128.0,-24.0,761.0,626,128,-21.0,760.0
626.0,128.0,-21.0,760.0,627,129,-19.0,759.0
627.0,129.0,-19.0,759.0,628,129,-23.0,759.0
628.0,129.0,-23.0,759.0,629,130,-24.0,759.0
629.0,130.0,-24.0,759.0,630,130,-20.0,757.0
630.0,130.0,-20.0,757.0,631,131,-18.0,756.0
631.0,131.0,-18.0,756.0,632,131,-18.0,755.0
632.0,131.0,-18.0,755.0,633,132,-15.0,754.0
633.0,132.0,-15.0,754.0,634,132,-20.0,753.0
634.0,132.0,-20.0,753.0,635,133,-10.0,754.0
635.0,133.0,-10.0,754.0,636,133,-19.0,752.0
636.0,133.0,-19.0,752.0,637,134,-18.0,752.0
637.0,134.0,-18.0,752.0,638,134,-12.0,751.0
638.0,134.0,-12.0,751.0,639,135,-16.0,750.0
639.0,135.0,-16.0,750.0,640,135,-11.0,750.0
640.0,135.0,-11.0,750.0,641,136,-19.0,749.0
641.0,136.0,-19.0,749.0,642,136,-19.0,749.0
642.0,136.0,-19.0,749.0,643,137,-14.0,748.0
643.0,137.0,-14.0,748.0,644,137,-10.0,748.0
644.0,137.0,-10.0,748.0,645,138,-8.0,746.0
645.0,138.0,-8.0,746.0,646,138,-16.0,746.0
646.0,138.0,-16.0,746.0,647,139,-19.0,746.0
647.0,139.0,-19.0,746.0,648,139,-20.0,746.0
648.0,139.0,-20.0,746.0,649,140,-14.0,745.0
649.0,140.0,-14.0,745.0,650,140,-11.0,743.0
650.0,140.0,-11.0,743.0,651,141,-8.0,743.0
651.0,141.0,-8.0,743.0,652,141,-12.0,745.0
652.0,141.0,-12.0,745.0,653,142,-13.0,744.0
653.0,142.0,-13.0,744.0,654,142,-8.0,742.0
654.0,142.0,-8.0,742.0,655,143,-14.0,741.0
655.0,143.0,-14.0,741.0,656,143,-13.0,740.0
656.0,143.0,-13.0,740.0,657,144,-6.0,739.0
657.0,144.0,-6.0,739.0,658,144,-10.0,739.0
658.0,144.0,-10.0,739.0,659,145,-14.0,738.0
659.0,145.0,-14.0,738.0,660,145,-12.0,735.0
660.0,145.0,-12.0,735.0,661,146,-10.0,735.0
661.0,146.0,-10.0,735.0,662,146,-11.0,735.0
662.0,146.0,-11.0,735.0,663,147,-10.0,734.0
663.0,147.0,-10.0,734.0,664,147,-8.0,732.0
664.0,147.0,-8.0,732.0,665,148,-4.0,735.0
665.0,148.0,-4.0,735.0,666,148,-7.0,736.0
666.0,148.0,-7.0,736.0,667,149,-7.0,736.0
667.0,149.0,-7.0,736.0,668,150,-4.0,734.0
668.0,150.0,-4.0,734.0,669,150,-4.0,735.0
669.0,150.0,-4.0,735.0,670,151,-7.0,737.0
670.0,151.0,-7.0,737.0,671,151,-15.0,740.0
671.0,151.0,-15.0,740.0,672,152,-16.0,739.0
672.0,152.0,-16.0,739.0,673,152,-16.0,738.0
673.0,152.0,-16.0,738.0,674,153,-17.0,739.0
674.0,153.0,-17.0,739.0,675,153,-12.0,740.0
675.0,153.0,-12.0,740.0,676,154,-17.0,738.0
676.0,154.0,-17.0,738.0,677,154,-12.0,737.0
677.0,154.0,-12.0,737.0,678,155,-17.0,739.0
678.0,155.0,-17.0,739.0,679,155,-13.0,738.0
679.0,155.0,-13.0,738.0,680,156,-15.0,740.0
680.0,156.0,-15.0,740.0,681,156,-17.0,738.0
681.0,156.0,-17.0,738.0,682,157,-16.0,739.0
682.0,157.0,-16.0,739.0,683,158,-7.0,741.0
683.0,158.0,-7.0,741.0,684,158,-9.0,741.0
684.0,158.0,-9.0,741.0,685,159,-2.0,740.0
685.0,159.0,-2.0,740.0,686,159,-4.0,738.0
686.0,159.0,-4.0,738.0,687,160,-2.0,739.0
687.0,160.0,-2.0,739.0,688,160,-5.0,741.0
688.0,160.0,-5.0,741.0,689,161,-6.0,742.0
689.0,161.0,-6.0,742.0,690,161,-7.0,741.0
690.0,161.0,-7.0,741.0,691,162,-8.0,741.0
691.0,162.0,-8.0,741.0,692,162,-4.0,742.0
692.0,162.0,-4.0,742.0,693,163,-2.0,741.0
693.0,163.0,-2.0,741.0,694,164,-1.0,740.0
694.0,164.0,-1.0,740.0,695,164,-1.0,741.0
695.0,164.0,-1.0,741.0,696,165,-2.0,743.0
696.0,165.0,-2.0,743.0,697,165,-4.0,743.0
697.0,165.0,-4.0,743.0,698,166,-3.0,743.0
698.0,166.0,-3.0,743.0,699,166,-2.0,744.0
699.0,166.0,-2.0,744.0,700,167,-2.0,745.0
700.0,167.0,-2.0,745.0,701,167,-1.0,745.0
701.0,167.0,-1.0,745.0,702,168,-2.0,745.0
702.0,168.0,-2.0,745.0,703,169,-6.0,747.0
703.0,169.0,-6.0,747.0,704,169,-5.0,747.0
704.0,169.0,-5.0,747.0,705,170,-9.0,746.0
705.0,170.0,-9.0,746.0,706,170,0.0,748.0
706.0,170.0,0.0,748.0,707,171,1.0,749.0
707.0,171.0,1.0,749.0,708,171,1.0,749.0
708.0,171.0,1.0,749.0,709,172,-11.0,750.0
709.0,172.0,-11.0,750.0,710,172,-12.0,751.0
710.0,172.0,-12.0,751.0,711,173,-11.0,751.0
711.0,173.0,-11.0,751.0,712,174,-10.0,752.0
712.0,174.0,-10.0,752.0,713,174,-12.0,754.0
713.0,174.0,-12.0,754.0,714,175,2.0,754.0
714.0,175.0,2.0,754.0,715,175,2.0,755.0
715.0,175.0,2.0,755.0,716,176,2.0,755.0
716.0,176.0,2.0,755.0,717,176,5.0,756.0
717.0,176.0,5.0,756.0,718,177,3.0,757.0
718.0,177.0,3.0,757.0,719,178,-1.0,758.0
719.0,178.0,-1.0,758.0,720,178,-1.0,760.0
720.0,178.0,-1.0,760.0,721,179,-5.0,761.0
721.0,179.0,-5.0,761.0,722,179,1.0,760.0
722.0,179.0,1.0,760.0,723,180,2.0,761.0
723.0,180.0,2.0,761.0,724,181,1.0,763.0
724.0,181.0,1.0,763.0,725,181,-5.0,764.0
725.0,181.0,-5.0,764.0,726,182,1.0,766.0
726.0,182.0,1.0,766.0,727,182,1.0,766.0
727.0,182.0,1.0,766.0,728,183,1.0,766.0
728.0,183.0,1.0,766.0,729,183,3.0,768.0
729.0,183.0,3.0,768.0,730,184,3.0,770.0
730.0,184.0,3.0,770.0,731,185,-4.0,771.0
731.0,185.0,-4.0,771.0,732,185,-8.0,773.0
732.0,185.0,-8.0,773.0,733,186,-2.0,773.0
733.0,186.0,-2.0,773.0,734,186,-3.0,776.0
734.0,186.0,-3.0,776.0,735,187,1.0,776.0
735.0,187.0,1.0,776.0,736,188,0.0,776.0
736.0,188.0,0.0,776.0,737,188,3.0,777.0
737.0,188.0,3.0,777.0,738,189,0.0,778.0
738.0,189.0,0.0,778.0,739,189,-1.0,779.0
739.0,189.0,-1.0,779.0,740,190,-2.0,782.0
740.0,190.0,-2.0,782.0,741,191,-1.0,784.0
741.0,191.0,-1.0,784.0,742,191,0.0,784.0
742.0,191.0,0.0,784.0,743,192,0.0,786.0
743.0,192.0,0.0,786.0,744,192,-2.0,786.0
744.0,192.0,-2.0,786.0,745,193,1.0,787.0
745.0,193.0,1.0,787.0,746,194,2.0,788.0
746.0,194.0,2.0,788.0,747,194,6.0,789.0
747.0,194.0,6.0,789.0,748,195,5.0,791.0
748.0,195.0,5.0,791.0,749,195,3.0,794.0
749.0,195.0,3.0,794.0,750,196,4.0,796.0
750.0,196.0,4.0,796.0,751,197,-6.0,797.0
751.0,197.0,-6.0,797.0,752,197,-3.0,798.0
752.0,197.0,-3.0,798.0,753,198,8.0,800.0
753.0,198.0,8.0,800.0,754,198,6.0,802.0
754.0,198.0,6.0,802.0,755,199,2.0,806.0
755.0,199.0,2.0,806.0,756,200,3.0,806.0
756.0,200.0,3.0,806.0,757,200,5.0,807.0
757.0,200.0,5.0,807.0,758,201,3.0,810.0
758.0,201.0,3.0,810.0,759,201,8.0,809.0
759.0,201.0,8.0,809.0,760,202,11.0,810.0
760.0,202.0,11.0,810.0,761,203,7.0,814.0
761.0,203.0,7.0,814.0,762,203,7.0,814.0
762.0,203.0,7.0,814.0,763,204,6.0,817.0
763.0,204.0,6.0,817.0,764,205,4.0,821.0
764.0,205.0,4.0,821.0,765,205,5.0,820.0
765.0,205.0,5.0,820.0,766,206,8.0,824.0
766.0,206.0,8.0,824.0,767,206,9.0,824.0
767.0,206.0,9.0,824.0,768,207,2.0,826.0
768.0,207.0,2.0,826.0,769,208,4.0,829.0
769.0,208.0,4.0,829.0,770,208,2.0,829.0
770.0,208.0,2.0,829.0,771,209,9.0,836.0
771.0,209.0,9.0,836.0,772,210,8.0,835.0
772.0,210.0,8.0,835.0,773,210,8.0,838.0
773.0,210.0,8.0,838.0,774,211,1.0,838.0
774.0,211.0,1.0,838.0,775,211,3.0,838.0
775.0,211.0,3.0,838.0,776,212,5.0,841.0
776.0,212.0,5.0,841.0,777,213,8.0,841.0
777.0,213.0,8.0,841.0,778,213,6.0,846.0
778.0,213.0,6.0,846.0,779,214,6.0,845.0
779.0,214.0,6.0,845.0,780,215,0.0,852.0
780.0,215.0,0.0,852.0,781,215,-5.0,849.0
781.0,215.0,-5.0,849.0,782,216,9.0,854.0
782.0,216.0,9.0,854.0,783,216,6.0,853.0
783.0,216.0,6.0,853.0,784,217,-4.0,857.0
784.0,217.0,-4.0,857.0,785,218,-1.0,858.0
785.0,218.0,-1.0,858.0,786,218,-4.0,861.0
786.0,218.0,-4.0,861.0,787,219,-7.0,860.0
787.0,219.0,-7.0,860.0,788,220,-5.0,862.0
788.0,220.0,-5.0,862.0,789,220,-4.0,862.0
789.0,220.0,-4.0,862.0,790,221,2.0,864.0
790.0,221.0,2.0,864.0,791,222,0.0,867.0
791.0,222.0,0.0,867.0,792,222,0.0,873.0
792.0,222.0,0.0,873.0,793,223,0.0,877.0
793.0,223.0,0.0,877.0,794,223,-5.0,874.0
794.0,223.0,-5.0,874.0,795,224,1.0,875.0
795.0,224.0,1.0,875.0,796,225,1.0,877.0
796.0,225.0,1.0,877.0,797,225,-1.0,879.0
797.0,225.0,-1.0,879.0,798,226,0.0,883.0
798.0,226.0,0.0,883.0,799,227,-4.0,884.0
799.0,227.0,-4.0,884.0,800,227,-2.0,884.0
800.0,227.0,-2.0,884.0,801,228,3.0,884.0
801.0,228.0,3.0,884.0,802,229,7.0,887.0
802.0,229.0,7.0,887.0,803,229,0.0,888.0
803.0,229.0,0.0,888.0,804,230,0.0,891.0
804.0,230.0,0.0,891.0,805,231,1.0,893.0
805.0,231.0,1.0,893.0,806,231,2.0,893.0
806.0,231.0,2.0,893.0,807,232,1.0,892.0
807.0,232.0,1.0,892.0,808,232,7.0,893.0
808.0,232.0,7.0,893.0,809,233,-2.0,895.0
809.0,233.0,-2.0,895.0,810,234,3.0,897.0
810.0,234.0,3.0,897.0,811,234,-6.0,900.0
811.0,234.0,-6.0,900.0,812,235,3.0,902.0
812.0,235.0,3.0,902.0,813,236,2.0,904.0
813.0,236.0,2.0,904.0,814,236,-3.0,902.0
814.0,236.0,-3.0,902.0,815,237,-8.0,905.0
815.0,237.0,-8.0,905.0,816,238,-7.0,909.0
816.0,238.0,-7.0,909.0,817,238,0.0,913.0
817.0,238.0,0.0,913.0,818,239,0.0,914.0
818.0,239.0,0.0,914.0,819,240,0.0,913.0
819.0,240.0,0.0,913.0,820,240,-1.0,910.0
820.0,240.0,-1.0,910.0,821,241,2.0,910.0
821.0,241.0,2.0,910.0,822,242,1.0,911.0
822.0,242.0,1.0,911.0,823,242,0.0,912.0
823.0,242.0,0.0,912.0,824,243,2.0,914.0
824.0,243.0,2.0,914.0,825,243,1.0,914.0
825.0,243.0,1.0,914.0,826,244,0.0,914.0
826.0,244.0,0.0,914.0,827,245,0.0,911.0
827.0,245.0,0.0,911.0,828,245,-1.0,914.0
828.0,245.0,-1.0,914.0,829,246,-2.0,914.0
829.0,246.0,-2.0,914.0,830,247,-1.0,918.0
830.0,247.0,-1.0,918.0,831,247,-6.0,920.0
831.0,247.0,-6.0,920.0,832,248,-2.0,924.0
832.0,248.0,-2.0,924.0,833,249,-1.0,923.0
833.0,249.0,-1.0,923.0,834,249,-3.0,918.0
834.0,249.0,-3.0,918.0,835,250,-1.0,917.0
835.0,250.0,-1.0,917.0,836,251,-1.0,916.0
836.0,251.0,-1.0,916.0,837,251,4.0,916.0
837.0,251.0,4.0,916.0,838,252,-1.0,917.0
838.0,252.0,-1.0,917.0,839,253,-1.0,917.0
839.0,253.0,-1.0,917.0,840,253,-4.0,913.0
840.0,253.0,-4.0,913.0,841,254,-7.0,914.0
841.0,254.0,-7.0,914.0,842,255,-6.0,914.0
842.0,255.0,-6.0,914.0,843,255,1.0,916.0
843.0,255.0,1.0,916.0,844,256,5.0,917.0
844.0,256.0,5.0,917.0,845,257,0.0,920.0
845.0,257.0,0.0,920.0,846,257,-7.0,925.0
846.0,257.0,-7.0,925.0,847,258,-8.0,918.0
847.0,258.0,-8.0,918.0,848,258,-4.0,918.0
848.0,258.0,-4.0,918.0,849,259,-1.0,918.0
849.0,259.0,-1.0,918.0,850,260,-1.0,918.0
850.0,260.0,-1.0,918.0,851,260,-6.0,919.0
851.0,260.0,-6.0,919.0,852,261,-3.0,916.0
852.0,261.0,-3.0,916.0,853,262,0.0,913.0
853.0,262.0,0.0,913.0,854,262,3.0,910.0
854.0,262.0,3.0,910.0,855,263,0.0,912.0
855.0,263.0,0.0,912.0,856,264,-3.0,912.0
856.0,264.0,-3.0,912.0,857,264,0.0,911.0
857.0,264.0,0.0,911.0,858,265,-6.0,913.0
858.0,265.0,-6.0,913.0,859,266,-8.0,915.0
859.0,266.0,-8.0,915.0,860,266,-8.0,916.0
860.0,266.0,-8.0,916.0,861,267,-7.0,917.0
861.0,267.0,-7.0,917.0,862,268,-2.0,917.0
862.0,268.0,-2.0,917.0,863,268,-13.0,916.0
863.0,268.0,-13.0,916.0,864,269,-1.0,914.0
864.0,269.0,-1.0,914.0,865,270,-5.0,913.0
865.0,270.0,-5.0,913.0,866,270,-4.0,911.0
866.0,270.0,-4.0,911.0,867,271,-2.0,910.0
867.0,271.0,-2.0,910.0,868,271,-4.0,908.0
868.0,271.0,-4.0,908.0,869,272,-4.0,906.0
869.0,272.0,-4.0,906.0,870,273,-6.0,909.0
870.0,273.0,-6.0,909.0,871,273,-7.0,903.0
871.0,273.0,-7.0,903.0,872,274,1.0,902.0
872.0,274.0,1.0,902.0,881,280,-4.0,899.0
881.0,280.0,-4.0,899.0,882,280,-6.0,901.0
882.0,280.0,-6.0,901.0,883,281,-4.0,897.0
883.0,281.0,-4.0,897.0,884,282,-5.0,897.0
884.0,282.0,-5.0,897.0,885,282,-4.0,895.0
885.0,282.0,-4.0,895.0,886,283,-6.0,894.0
886.0,283.0,-6.0,894.0,887,284,-4.0,897.0
887.0,284.0,-4.0,897.0,888,284,-5.0,896.0
888.0,284.0,-5.0,896.0,889,285,2.0,895.0
889.0,285.0,2.0,895.0,890,286,-4.0,892.0
890.0,286.0,-4.0,892.0,891,286,-3.0,892.0
891.0,286.0,-3.0,892.0,892,287,-3.0,892.0
892.0,287.0,-3.0,892.0,893,287,2.0,890.0
893.0,287.0,2.0,890.0,894,288,-4.0,891.0
894.0,288.0,-4.0,891.0,895,289,-4.0,889.0
895.0,289.0,-4.0,889.0,896,289,1.0,888.0
896.0,289.0,1.0,888.0,897,290,5.0,884.0
897.0,290.0,5.0,884.0,898,291,2.0,883.0
898.0,291.0,2.0,883.0,899,291,-1.0,881.0
899.0,291.0,-1.0,881.0,900,292,1.0,883.0
900.0,292.0,1.0,883.0,901,292,-2.0,885.0
901.0,292.0,-2.0,885.0,902,293,0.0,883.0
902.0,293.0,0.0,883.0,903,294,-2.0,882.0
903.0,294.0,-2.0,882.0,904,294,0.0,878.0
904.0,294.0,0.0,878.0,905,295,-2.0,880.0
905.0,295.0,-2.0,880.0,906,296,-3.0,878.0
906.0,296.0,-3.0,878.0,907,296,-1.0,879.0
907.0,296.0,-1.0,879.0,908,297,-3.0,883.0
908.0,297.0,-3.0,883.0,909,297,-2.0,878.0
909.0,297.0,-2.0,878.0,910,298,0.0,878.0
910.0,298.0,0.0,878.0,911,299,0.0,874.0
911.0,299.0,0.0,874.0,912,299,-4.0,875.0
912.0,299.0,-4.0,875.0,913,300,-4.0,871.0
913.0,300.0,-4.0,871.0,914,300,0.0,874.0
914.0,300.0,0.0,874.0,915,301,-4.0,878.0
915.0,301.0,-4.0,878.0,916,302,-5.0,872.0
916.0,302.0,-5.0,872.0,917,302,-1.0,871.0
917.0,302.0,-1.0,871.0,918,303,0.0,867.0
918.0,303.0,0.0,867.0,919,304,-3.0,870.0
919.0,304.0,-3.0,870.0,920,304,-2.0,868.0
920.0,304.0,-2.0,868.0,921,305,2.0,867.0
921.0,305.0,2.0,867.0,922,305,-2.0,870.0
922.0,305.0,-2.0,870.0,923,306,-5.0,867.0
923.0,306.0,-5.0,867.0,924,307,-1.0,867.0
924.0,307.0,-1.0,867.0,925,307,-2.0,862.0
925.0,307.0,-2.0,862.0,926,308,1.0,864.0
926.0,308.0,1.0,864.0,927,308,-2.0,862.0
927.0,308.0,-2.0,862.0,928,309,0.0,862.0
928.0,309.0,0.0,862.0,929,310,0.0,866.0
929.0,310.0,0.0,866.0,930,310,-1.0,865.0
930.0,310.0,-1.0,865.0,931,311,-1.0,864.0
931.0,311.0,-1.0,864.0,932,311,1.0,859.0
932.0,311.0,1.0,859.0,933,312,-4.0,863.0
933.0,312.0,-4.0,863.0,934,313,1.0,858.0
934.0,313.0,1.0,858.0,935,313,-2.0,862.0
935.0,313.0,-2.0,862.0,936,314,-3.0,865.0
936.0,314.0,-3.0,865.0,937,314,0.0,863.0
937.0,314.0,0.0,863.0,940,316,-2.0,861.0
940.0,316.0,-2.0,861.0,941,317,0.0,857.0
941.0,317.0,0.0,857.0,942,317,-1.0,857.0
942.0,317.0,-1.0,857.0,943,318,-1.0,854.0
943.0,318.0,-1.0,854.0,944,318,0.0,852.0
944.0,318.0,0.0,852.0,945,319,-1.0,851.0
945.0,319.0,-1.0,851.0,946,320,-2.0,850.0
946.0,320.0,-2.0,850.0,947,320,-3.0,853.0
947.0,320.0,-3.0,853.0,948,321,-8.0,854.0
948.0,321.0,-8.0,854.0,949,321,-4.0,851.0
949.0,321.0,-4.0,851.0,950,322,0.0,850.0
950.0,322.0,0.0,850.0,951,323,-4.0,849.0
951.0,323.0,-4.0,849.0,952,323,-6.0,847.0
952.0,323.0,-6.0,847.0,953,324,-5.0,847.0
953.0,324.0,-5.0,847.0,954,324,-3.0,847.0
954.0,324.0,-3.0,847.0,958,327,-9.0,848.0
958.0,327.0,-9.0,848.0,959,327,-4.0,846.0
959.0,327.0,-4.0,846.0,960,328,-8.0,846.0
960.0,328.0,-8.0,846.0,961,328,-3.0,849.0
961.0,328.0,-3.0,849.0,962,329,-2.0,845.0
962.0,329.0,-2.0,845.0,963,329,-5.0,850.0
963.0,329.0,-5.0,850.0,964,330,-13.0,847.0
964.0,330.0,-13.0,847.0,965,331,-10.0,847.0
965.0,331.0,-10.0,847.0,966,331,-12.0,850.0
966.0,331.0,-12.0,850.0,967,332,-2.0,844.0
967.0,332.0,-2.0,844.0,968,332,-3.0,848.0
968.0,332.0,-3.0,848.0,969,333,-2.0,844.0
969.0,333.0,-2.0,844.0,970,333,-4.0,849.0
970.0,333.0,-4.0,849.0,971,334,-3.0,848.0
971.0,334.0,-3.0,848.0,972,334,-3.0,847.0
972.0,334.0,-3.0,847.0,973,335,-4.0,844.0
973.0,335.0,-4.0,844.0,974,336,-3.0,842.0
974.0,336.0,-3.0,842.0,975,336,-3.0,843.0
975.0,336.0,-3.0,843.0,976,337,-6.0,842.0
976.0,337.0,-6.0,842.0,977,337,-4.0,841.0
977.0,337.0,-4.0,841.0,978,338,-2.0,842.0
978.0,338.0,-2.0,842.0,979,338,-4.0,841.0
979.0,338.0,-4.0,841.0,980,339,1.0,840.0
980.0,339.0,1.0,840.0,981,339,-3.0,841.0
981.0,339.0,-3.0,841.0,982,340,-4.0,840.0
982.0,340.0,-4.0,840.0,983,340,-6.0,840.0
983.0,340.0,-6.0,840.0,984,341,-6.0,840.0
984.0,341.0,-6.0,840.0,985,342,-5.0,840.0
985.0,342.0,-5.0,840.0,986,342,-1.0,840.0
986.0,342.0,-1.0,840.0,987,343,-7.0,839.0
987.0,343.0,-7.0,839.0,988,343,-10.0,840.0
988.0,343.0,-10.0,840.0,989,344,-10.0,841.0
989.0,344.0,-10.0,841.0,990,344,-1.0,839.0
990.0,344.0,-1.0,839.0,991,345,-3.0,840.0
991.0,345.0,-3.0,840.0,992,345,-6.0,842.0
992.0,345.0,-6.0,842.0,993,346,-8.0,840.0
993.0,346.0,-8.0,840.0,994,346,-5.0,842.0
994.0,346.0,-5.0,842.0,995,347,-4.0,842.0
995.0,347.0,-4.0,842.0,996,348,-4.0,842.0
996.0,348.0,-4.0,842.0,997,348,-13.0,843.0
997.0,348.0,-13.0,843.0,998,349,-8.0,842.0
998.0,349.0,-8.0,842.0,1000,350,-12.0,841.0
1000.0,350.0,-12.0,841.0,1001,350,-12.0,843.0
1001.0,350.0,-12.0,843.0,1002,351,-12.0,844.0
1002.0,351.0,-12.0,844.0,1003,351,-10.0,843.0
1003.0,351.0,-10.0,843.0,1004,352,-9.0,842.0
1004.0,352.0,-9.0,842.0,1005,352,-12.0,843.0
1005.0,352.0,-12.0,843.0,1006,353,-13.0,844.0
1006.0,353.0,-13.0,844.0,1007,353,-12.0,845.0
1007.0,353.0,-12.0,845.0,1008,354,-12.0,844.0
1008.0,354.0,-12.0,844.0,1009,354,-12.0,845.0
1009.0,354.0,-12.0,845.0,1010,355,-11.0,846.0
1010.0,355.0,-11.0,846.0,1011,355,-12.0,845.0
1011.0,355.0,-12.0,845.0,1012,356,-16.0,846.0
1012.0,356.0,-16.0,846.0,1013,356,-12.0,846.0
1013.0,356.0,-12.0,846.0,1014,357,-14.0,846.0
1014.0,357.0,-14.0,846.0,1015,357,-13.0,847.0
1015.0,357.0,-13.0,847.0,1016,358,-11.0,847.0
1016.0,358.0,-11.0,847.0,1017,359,-12.0,850.0
1017.0,359.0,-12.0,850.0,1018,359,-15.0,850.0
1018.0,359.0,-15.0,850.0,1019,0,-14.0,849.0
1019.0,0.0,-14.0,849.0,1020,0,-12.0,832.0
1020.0,0.0,-12.0,832.0,1021,1,-14.0,850.0
1021.0,1.0,-14.0,850.0,1022,1,-12.0,852.0
1022.0,1.0,-12.0,852.0,1023,2,-15.0,851.0
1023.0,2.0,-15.0,851.0,1024,2,-15.0,851.0
1024.0,2.0,-15.0,851.0,1025,3,-14.0,851.0
1025.0,3.0,-14.0,851.0,1026,3,-16.0,851.0
1026.0,3.0,-16.0,851.0,1028,4,-15.0,853.0
1028.0,4.0,-15.0,853.0,1029,5,-14.0,856.0
1029.0,5.0,-14.0,856.0,1030,5,-15.0,855.0
1030.0,5.0,-15.0,855.0,1031,6,-15.0,854.0
1031.0,6.0,-15.0,854.0,1032,6,-16.0,854.0
1032.0,6.0,-16.0,854.0,1033,7,-14.0,856.0
1033.0,7.0,-14.0,856.0,1034,7,-14.0,859.0
1034.0,7.0,-14.0,859.0,1035,8,-12.0,857.0
1035.0,8.0,-12.0,857.0,1036,8,-17.0,856.0
1036.0,8.0,-17.0,856.0,1037,9,-21.0,856.0
1037.0,9.0,-21.0,856.0,1038,9,-21.0,858.0
1038.0,9.0,-21.0,858.0,1039,10,-21.0,857.0
1039.0,10.0,-21.0,857.0,1040,10,-21.0,858.0
1040.0,10.0,-21.0,858.0,1041,11,-22.0,859.0
1041.0,11.0,-22.0,859.0,1042,11,-20.0,859.0
1042.0,11.0,-20.0,859.0,1043,12,-20.0,860.0
1043.0,12.0,-20.0,860.0,1044,12,-20.0,860.0
1044.0,12.0,-20.0,860.0,1045,13,-13.0,861.0
1045.0,13.0,-13.0,861.0,1046,13,-12.0,862.0
1046.0,13.0,-12.0,862.0,1047,14,-14.0,863.0
1047.0,14.0,-14.0,863.0,1048,14,-15.0,864.0
1048.0,14.0,-15.0,864.0,1049,15,-21.0,864.0
1049.0,15.0,-21.0,864.0,1050,15,-22.0,863.0
1050.0,15.0,-22.0,863.0,1051,16,-20.0,864.0
1051.0,16.0,-20.0,864.0,1052,16,-12.0,865.0
1052.0,16.0,-12.0,865.0,1053,17,-11.0,865.0
1053.0,17.0,-11.0,865.0,1054,17,-11.0,867.0
1054.0,17.0,-11.0,867.0,1055,17,-20.0,868.0
1055.0,17.0,-20.0,868.0,1056,18,-21.0,868.0
1056.0,18.0,-21.0,868.0,1057,18,-22.0,867.0
1057.0,18.0,-22.0,867.0,1058,19,-22.0,868.0
1058.0,19.0,-22.0,868.0,1059,19,-20.0,870.0
1059.0,19.0,-20.0,870.0,1060,20,-16.0,870.0
1060.0,20.0,-16.0,870.0,1061,20,-23.0,871.0
1061.0,20.0,-23.0,871.0,1062,21,-24.0,871.0
1062.0,21.0,-24.0,871.0,1063,21,-19.0,871.0
1063.0,21.0,-19.0,871.0,1064,22,-22.0,871.0
1064.0,22.0,-22.0,871.0,1065,22,-19.0,873.0
1065.0,22.0,-19.0,873.0,1066,23,-14.0,875.0
1066.0,23.0,-14.0,875.0,1067,23,-24.0,875.0
1067.0,23.0,-24.0,875.0,1068,24,-23.0,874.0
1068.0,24.0,-23.0,874.0,1069,24,-22.0,876.0
1069.0,24.0,-22.0,876.0,1070,25,-14.0,877.0
1070.0,25.0,-14.0,877.0,1071,25,-16.0,878.0
1071.0,25.0,-16.0,878.0,1072,26,-15.0,879.0
1072.0,26.0,-15.0,879.0,1073,26,-15.0,879.0
1073.0,26.0,-15.0,879.0,1074,27,-14.0,878.0
1074.0,27.0,-14.0,878.0,1075,27,-13.0,879.0
1075.0,27.0,-13.0,879.0,1076,28,-14.0,880.0
1076.0,28.0,-14.0,880.0,1077,28,-16.0,880.0
1077.0,28.0,-16.0,880.0,1078,29,-18.0,881.0
1078.0,29.0,-18.0,881.0,1079,29,-21.0,882.0
1079.0,29.0,-21.0,882.0,1080,29,-17.0,882.0
1080.0,29.0,-17.0,882.0,1081,30,-18.0,882.0
1081.0,30.0,-18.0,882.0,1082,30,-17.0,882.0
1082.0,30.0,-17.0,882.0,1083,31,-20.0,883.0
1083.0,31.0,-20.0,883.0,1084,31,-22.0,885.0
1084.0,31.0,-22.0,885.0,1085,32,-23.0,886.0
1085.0,32.0,-23.0,886.0,1086,32,-25.0,885.0
1086.0,32.0,-25.0,885.0,1087,33,-19.0,885.0
1087.0,33.0,-19.0,885.0,1088,33,-19.0,885.0
1088.0,33.0,-19.0,885.0,1089,34,-19.0,885.0
1089.0,34.0,-19.0,885.0,1090,34,-20.0,886.0
1090.0,34.0,-20.0,886.0,1091,35,-21.0,886.0
1091.0,35.0,-21.0,886.0,1092,35,-23.0,886.0
1092.0,35.0,-23.0,886.0,1093,36,-21.0,887.0
1093.0,36.0,-21.0,887.0,1094,36,-20.0,888.0
1094.0,36.0,-20.0,888.0,1095,36,-24.0,888.0
1095.0,36.0,-24.0,888.0,1096,37,-24.0,888.0
1096.0,37.0,-24.0,888.0,1097,37,-27.0,889.0
1097.0,37.0,-27.0,889.0,1098,38,-26.0,890.0
1098.0,38.0,-26.0,890.0,1099,38,-24.0,891.0
1099.0,38.0,-24.0,891.0,1100,39,-22.0,890.0
1100.0,39.0,-22.0,890.0,1101,39,-23.0,891.0
1101.0,39.0,-23.0,891.0,1102,40,-25.0,892.0
1102.0,40.0,-25.0,892.0,1103,40,-26.0,893.0
1103.0,40.0,-26.0,893.0,1104,41,-25.0,893.0
1104.0,41.0,-25.0,893.0,1105,41,-25.0,892.0
1105.0,41.0,-25.0,892.0,1106,42,-22.0,893.0
1106.0,42.0,-22.0,893.0,1107,42,-24.0,893.0
1107.0,42.0,-24.0,893.0,1108,42,-25.0,895.0
1108.0,42.0,-25.0,895.0,1109,43,-26.0,895.0
1109.0,43.0,-26.0,895.0,1110,43,-25.0,895.0
1110.0,43.0,-25.0,895.0,1111,44,-26.0,896.0
1111.0,44.0,-26.0,896.0,1112,44,-24.0,895.0
1112.0,44.0,-24.0,895.0,1113,45,-24.0,895.0
1113.0,45.0,-24.0,895.0,1114,45,-25.0,896.0
1114.0,45.0,-25.0,896.0,1115,46,-21.0,897.0
1115.0,46.0,-21.0,897.0,1116,46,-26.0,898.0
1116.0,46.0,-26.0,898.0,1117,47,-25.0,898.0
1117.0,47.0,-25.0,898.0,1118,47,-25.0,898.0
1118.0,47.0,-25.0,898.0,1119,48,-22.0,899.0
1119.0,48.0,-22.0,899.0,1120,48,-24.0,900.0
1120.0,48.0,-24.0,900.0,1121,48,-25.0,901.0
1121.0,48.0,-25.0,901.0,1122,49,-26.0,901.0
1122.0,49.0,-26.0,901.0,1123,49,-27.0,900.0
1123.0,49.0,-27.0,900.0,1124,50,-26.0,900.0
1124.0,50.0,-26.0,900.0,1125,50,-22.0,900.0
1125.0,50.0,-22.0,900.0,1126,51,-21.0,901.0
1126.0,51.0,-21.0,901.0,1127,51,-27.0,901.0
1127.0,51.0,-27.0,901.0,1128,52,-27.0,902.0
1128.0,52.0,-27.0,902.0,1129,52,-23.0,902.0
1129.0,52.0,-23.0,902.0,1130,53,-25.0,902.0
1130.0,53.0,-25.0,902.0,1131,53,-28.0,902.0
1131.0,53.0,-28.0,902.0,1132,53,-27.0,902.0
1132.0,53.0,-27.0,902.0,1133,54,-26.0,902.0
1133.0,54.0,-26.0,902.0,1134,54,-27.0,902.0
1134.0,54.0,-27.0,902.0,1135,55,-27.0,901.0
1135.0,55.0,-27.0,901.0,1136,55,-23.0,901.0
1136.0,55.0,-23.0,901.0,1137,56,-26.0,901.0
1137.0,56.0,-26.0,901.0,1138,56,-29.0,901.0
1138.0,56.0,-29.0,901.0,1139,57,-25.0,901.0
1139.0,57.0,-25.0,901.0,1140,57,-26.0,901.0
1140.0,57.0,-26.0,901.0,1141,57,-28.0,902.0
1141.0,57.0,-28.0,902.0,1142,58,-23.0,902.0
1142.0,58.0,-23.0,902.0,1143,58,-29.0,901.0
1143.0,58.0,-29.0,901.0,1144,59,-28.0,902.0
1144.0,59.0,-28.0,902.0,1145,59,-29.0,903.0
1145.0,59.0,-29.0,903.0,1146,60,-28.0,902.0
1146.0,60.0,-28.0,902.0,1147,60,-29.0,901.0
1147.0,60.0,-29.0,901.0,1148,61,-28.0,901.0
1148.0,61.0,-28.0,901.0,1149,61,-23.0,902.0
1149.0,61.0,-23.0,902.0,1150,62,-29.0,902.0
1150.0,62.0,-29.0,902.0,1151,62,-31.0,901.0
1151.0,62.0,-31.0,901.0,1152,62,-30.0,901.0
1152.0,62.0,-30.0,901.0,1153,63,-31.0,900.0
1153.0,63.0,-31.0,900.0,1154,63,-29.0,900.0
1154.0,63.0,-29.0,900.0,1155,64,-26.0,900.0
1155.0,64.0,-26.0,900.0,1156,64,-30.0,900.0
1156.0,64.0,-30.0,900.0,1157,65,-32.0,900.0
1157.0,65.0,-32.0,900.0,1158,65,-28.0,898.0
1158.0,65.0,-28.0,898.0,1159,66,-28.0,898.0
1159.0,66.0,-28.0,898.0,1160,66,-28.0,899.0
1160.0,66.0,-28.0,899.0,1161,66,-26.0,898.0
1161.0,66.0,-26.0,898.0,1162,67,-27.0,897.0
1162.0,67.0,-27.0,897.0,1163,67,-29.0,896.0
1163.0,67.0,-29.0,896.0,1164,68,-35.0,896.0
1164.0,68.0,-35.0,896.0,1165,68,-35.0,897.0
1165.0,68.0,-35.0,897.0,1166,69,-31.0,895.0
1166.0,69.0,-31.0,895.0,1167,69,-25.0,894.0
1167.0,69.0,-25.0,894.0,1168,70,-29.0,894.0
1168.0,70.0,-29.0,894.0,1169,70,-32.0,894.0
1169.0,70.0,-32.0,894.0,1170,71,-31.0,893.0
1170.0,71.0,-31.0,893.0,1171,71,-29.0,892.0
1171.0,71.0,-29.0,892.0,1172,71,-26.0,892.0
1172.0,71.0,-26.0,892.0,1173,72,-31.0,892.0
1173.0,72.0,-31.0,892.0,1174,72,-25.0,891.0
1174.0,72.0,-25.0,891.0,1175,73,-23.0,890.0
1175.0,73.0,-23.0,890.0,1176,73,-31.0,890.0
1176.0,73.0,-31.0,890.0,1177,74,-27.0,888.0
1177.0,74.0,-27.0,888.0,1178,74,-26.0,888.0
1178.0,74.0,-26.0,888.0,1179,75,-25.0,887.0
1179.0,75.0,-25.0,887.0,1180,75,-27.0,886.0
1180.0,75.0,-27.0,886.0,1181,75,-24.0,885.0
1181.0,75.0,-24.0,885.0,1182,76,-29.0,884.0
1182.0,76.0,-29.0,884.0,1183,76,-26.0,883.0
1183.0,76.0,-26.0,883.0,1184,77,-28.0,882.0
1184.0,77.0,-28.0,882.0,1185,77,-24.0,881.0
1185.0,77.0,-24.0,881.0,1186,78,-28.0,881.0
1186.0,78.0,-28.0,881.0,1187,78,-29.0,881.0
1187.0,78.0,-29.0,881.0,1188,79,-31.0,881.0
1188.0,79.0,-31.0,881.0,1189,79,-24.0,879.0
1189.0,79.0,-24.0,879.0,1190,79,-29.0,877.0
1190.0,79.0,-29.0,877.0,1191,80,-28.0,876.0
1191.0,80.0,-28.0,876.0,1192,80,-24.0,876.0
1192.0,80.0,-24.0,876.0,1193,81,-28.0,875.0
1193.0,81.0,-28.0,875.0,1194,81,-29.0,873.0
1194.0,81.0,-29.0,873.0,1195,82,-32.0,872.0
1195.0,82.0,-32.0,872.0,1196,82,-27.0,871.0
1196.0,82.0,-27.0,871.0,1197,83,-26.0,869.0
1197.0,83.0,-26.0,869.0,1198,83,-23.0,868.0
1198.0,83.0,-23.0,868.0,1199,84,-29.0,868.0
1199.0,84.0,-29.0,868.0,1200,84,-27.0,866.0
1200.0,84.0,-27.0,866.0,1201,84,-29.0,866.0
1201.0,84.0,-29.0,866.0,1202,85,-22.0,864.0
1202.0,85.0,-22.0,864.0,1203,85,-23.0,863.0
1203.0,85.0,-23.0,863.0,1204,86,-25.0,862.0
1204.0,86.0,-25.0,862.0,1205,86,-26.0,861.0
1205.0,86.0,-26.0,861.0,1206,87,-24.0,859.0
1206.0,87.0,-24.0,859.0,1207,87,-25.0,858.0
1207.0,87.0,-25.0,858.0,1208,88,-24.0,857.0
1208.0,88.0,-24.0,857.0,1209,88,-24.0,855.0
1209.0,88.0,-24.0,855.0,1210,88,-23.0,854.0
1210.0,88.0,-23.0,854.0,1211,89,-22.0,853.0
1211.0,89.0,-22.0,853.0,1212,89,-28.0,851.0
1212.0,89.0,-28.0,851.0,1213,90,-27.0,851.0
1213.0,90.0,-27.0,851.0,1214,90,-24.0,849.0
1214.0,90.0,-24.0,849.0,1215,91,-27.0,848.0
1215.0,91.0,-27.0,848.0,1216,91,-28.0,847.0
1216.0,91.0,-28.0,847.0,1217,92,-27.0,846.0
1217.0,92.0,-27.0,846.0,1218,92,-32.0,845.0
1218.0,92.0,-32.0,845.0,1219,93,-27.0,844.0
1219.0,93.0,-27.0,844.0,1220,93,-28.0,842.0
1220.0,93.0,-28.0,842.0,1221,93,-28.0,841.0
1221.0,93.0,-28.0,841.0,1222,94,-28.0,840.0
1222.0,94.0,-28.0,840.0,1223,94,-26.0,839.0
1223.0,94.0,-26.0,839.0,1224,95,-29.0,837.0
1224.0,95.0,-29.0,837.0,1225,95,-28.0,836.0
1225.0,95.0,-28.0,836.0,1226,96,-24.0,835.0
1226.0,96.0,-24.0,835.0,1227,96,-26.0,833.0
1227.0,96.0,-26.0,833.0,1228,97,-28.0,832.0
1228.0,97.0,-28.0,832.0,1229,97,-26.0,831.0
1229.0,97.0,-26.0,831.0,1230,98,-26.0,830.0
1230.0,98.0,-26.0,830.0,1231,98,-26.0,828.0
1231.0,98.0,-26.0,828.0,1232,99,-28.0,827.0
1232.0,99.0,-28.0,827.0,1233,99,-27.0,826.0
1233.0,99.0,-27.0,826.0,1234,99,-26.0,824.0
1234.0,99.0,-26.0,824.0,1235,100,-28.0,824.0
1235.0,100.0,-28.0,824.0,1236,100,-26.0,822.0
1236.0,100.0,-26.0,822.0,1237,101,-29.0,820.0
1237.0,101.0,-29.0,820.0,1238,101,-26.0,819.0
1238.0,101.0,-26.0,819.0,1239,102,-26.0,818.0
1239.0,102.0,-26.0,818.0,1240,102,-24.0,816.0
1240.0,102.0,-24.0,816.0,1241,103,-28.0,816.0
1241.0,103.0,-28.0,816.0,1242,103,-26.0,815.0
1242.0,103.0,-26.0,815.0,1243,104,-26.0,814.0
1243.0,104.0,-26.0,814.0,1244,104,-26.0,812.0
1244.0,104.0,-26.0,812.0,1245,105,-26.0,811.0
1245.0,105.0,-26.0,811.0,1246,105,-25.0,810.0
1246.0,105.0,-25.0,810.0,1247,105,-25.0,809.0
1247.0,105.0,-25.0,809.0,1248,106,-23.0,807.0
1248.0,106.0,-23.0,807.0,1249,106,-32.0,806.0
1249.0,106.0,-32.0,806.0,1250,107,-28.0,804.0
1250.0,107.0,-28.0,804.0,1251,107,-27.0,803.0
1251.0,107.0,-27.0,803.0,1252,108,-31.0,802.0
1252.0,108.0,-31.0,802.0,1253,108,-26.0,800.0
1253.0,108.0,-26.0,800.0,1254,109,-29.0,799.0
1254.0,109.0,-29.0,799.0,1255,109,-25.0,798.0
1255.0,109.0,-25.0,798.0,1256,110,-27.0,797.0
1256.0,110.0,-27.0,797.0,1257,110,-21.0,794.0
1257.0,110.0,-21.0,794.0,1258,111,-23.0,794.0
1258.0,111.0,-23.0,794.0,1259,111,-25.0,794.0
1259.0,111.0,-25.0,794.0,1260,112,-23.0,792.0
1260.0,112.0,-23.0,792.0,1261,112,-25.0,790.0
1261.0,112.0,-25.0,790.0,1262,112,-29.0,790.0
1262.0,112.0,-29.0,790.0,1263,113,-29.0,788.0
1263.0,113.0,-29.0,788.0,1264,113,-27.0,787.0
1264.0,113.0,-27.0,787.0,1265,114,-28.0,787.0
1265.0,114.0,-28.0,787.0,1266,114,-27.0,787.0
1266.0,114.0,-27.0,787.0,1267,115,-24.0,786.0
1267.0,115.0,-24.0,786.0,1268,115,-24.0,784.0
1268.0,115.0,-24.0,784.0,1269,116,-17.0,782.0
1269.0,116.0,-17.0,782.0,1270,116,-18.0,782.0
1270.0,116.0,-18.0,782.0,1271,117,-22.0,781.0
1271.0,117.0,-22.0,781.0,1272,117,-23.0,780.0
1272.0,117.0,-23.0,780.0,1273,118,-19.0,778.0
1273.0,118.0,-19.0,778.0,1274,118,-17.0,777.0
1274.0,118.0,-17.0,777.0,1275,119,-17.0,775.0
1275.0,119.0,-17.0,775.0,1276,119,-20.0,774.0
1276.0,119.0,-20.0,774.0,1277,120,-28.0,774.0
1277.0,120.0,-28.0,774.0,1278,120,-29.0,773.0
1278.0,120.0,-29.0,773.0,1279,121,-29.0,772.0
1279.0,121.0,-29.0,772.0,1280,121,-23.0,771.0
1280.0,121.0,-23.0,771.0,1281,122,-22.0,769.0
1281.0,122.0,-22.0,769.0,1282,122,-16.0,768.0
1282.0,122.0,-16.0,768.0,1283,123,-20.0,767.0
1283.0,123.0,-20.0,767.0,1284,123,-21.0,767.0
1284.0,123.0,-21.0,767.0,1285,123,-13.0,766.0
1285.0,123.0,-13.0,766.0,1286,124,-19.0,765.0
1286.0,124.0,-19.0,765.0,1287,124,-18.0,764.0
1287.0,124.0,-18.0,764.0,1288,125,-16.0,763.0
1288.0,125.0,-16.0,763.0,1291,126,-21.0,760.0
1291.0,126.0,-21.0,760.0,1292,127,-22.0,760.0
1292.0,127.0,-22.0,760.0,1293,127,-21.0,758.0
1293.0,127.0,-21.0,758.0,1294,128,-16.0,758.0
1294.0,128.0,-16.0,758.0,1295,128,-20.0,757.0
1295.0,128.0,-20.0,757.0,1296,129,-25.0,756.0
1296.0,129.0,-25.0,756.0,1297,129,-24.0,755.0
1297.0,129.0,-24.0,755.0,1298,130,-17.0,755.0
1298.0,130.0,-17.0,755.0,1299,130,-19.0,753.0
1299.0,130.0,-19.0,753.0,1300,131,-16.0,752.0
1300.0,131.0,-16.0,752.0,1301,131,-20.0,752.0
1301.0,131.0,-20.0,752.0,1302,132,-24.0,751.0
1302.0,132.0,-24.0,751.0,1303,132,-26.0,751.0
1303.0,132.0,-26.0,751.0,1304,133,-22.0,750.0
1304.0,133.0,-22.0,750.0,1305,133,-21.0,749.0
1305.0,133.0,-21.0,749.0,1306,134,-23.0,748.0
1306.0,134.0,-23.0,748.0,1307,134,-27.0,748.0
1307.0,134.0,-27.0,748.0,1308,135,-23.0,748.0
1308.0,135.0,-23.0,748.0,1309,135,-19.0,747.0
1309.0,135.0,-19.0,747.0,1310,136,-15.0,745.0
1310.0,136.0,-15.0,745.0,1311,136,-11.0,745.0
1311.0,136.0,-11.0,745.0,1312,137,-12.0,745.0
1312.0,137.0,-12.0,745.0,1313,137,-14.0,745.0
1313.0,137.0,-14.0,745.0,1314,138,-14.0,744.0
1314.0,138.0,-14.0,744.0,1315,138,-14.0,744.0
1315.0,138.0,-14.0,744.0,1316,139,-20.0,744.0
1316.0,139.0,-20.0,744.0,1317,139,-15.0,743.0
1317.0,139.0,-15.0,743.0,1318,140,-15.0,743.0
1318.0,140.0,-15.0,743.0,1319,140,-8.0,742.0
1319.0,140.0,-8.0,742.0,1320,141,-11.0,741.0
1320.0,141.0,-11.0,741.0,1321,141,-15.0,740.0
1321.0,141.0,-15.0,740.0,1322,142,-10.0,740.0
1322.0,142.0,-10.0,740.0,1323,142,-11.0,738.0
1323.0,142.0,-11.0,738.0,1324,143,-9.0,738.0
1324.0,143.0,-9.0,738.0,1325,144,-14.0,738.0
1325.0,144.0,-14.0,738.0,1326,144,-15.0,738.0
1326.0,144.0,-15.0,738.0,1327,145,-11.0,736.0
1327.0,145.0,-11.0,736.0,1328,145,-12.0,735.0
1328.0,145.0,-12.0,735.0,1329,146,-15.0,735.0
1329.0,146.0,-15.0,735.0,1330,146,-14.0,734.0
1330.0,146.0,-14.0,734.0,1331,147,-19.0,734.0
1331.0,147.0,-19.0,734.0,1332,147,-11.0,734.0
1332.0,147.0,-11.0,734.0,1333,148,-18.0,733.0
1333.0,148.0,-18.0,733.0,1334,148,-12.0,732.0
1334.0,148.0,-12.0,732.0,1335,149,-10.0,732.0
1335.0,149.0,-10.0,732.0,1336,149,-12.0,732.0
1336.0,149.0,-12.0,732.0,1337,150,-13.0,734.0
1337.0,150.0,-13.0,734.0,1338,150,-18.0,734.0
1338.0,150.0,-18.0,734.0,1339,151,-18.0,733.0
1339.0,151.0,-18.0,733.0,1340,151,-15.0,734.0
1340.0,151.0,-15.0,734.0,1341,152,-9.0,735.0
1341.0,152.0,-9.0,735.0,1342,152,-7.0,735.0
1342.0,152.0,-7.0,735.0,1343,153,-8.0,735.0
1343.0,153.0,-8.0,735.0,1344,153,-14.0,734.0
1344.0,153.0,-14.0,734.0,1345,154,-19.0,735.0
1345.0,154.0,-19.0,735.0,1346,155,-16.0,737.0
1346.0,155.0,-16.0,737.0,1347,155,-16.0,736.0
1347.0,155.0,-16.0,736.0,1348,156,-15.0,735.0
1348.0,156.0,-15.0,735.0,1349,156,-9.0,737.0
1349.0,156.0,-9.0,737.0,1350,157,-9.0,738.0
1350.0,157.0,-9.0,738.0,1351,157,-12.0,739.0
1351.0,157.0,-12.0,739.0,1352,158,-6.0,736.0
1352.0,158.0,-6.0,736.0,1353,158,-6.0,737.0
1353.0,158.0,-6.0,737.0,1354,159,-5.0,739.0
1354.0,159.0,-5.0,739.0,1355,159,-11.0,740.0
1355.0,159.0,-11.0,740.0,1356,160,-5.0,739.0
1356.0,160.0,-5.0,739.0,1357,160,-16.0,738.0
1357.0,160.0,-16.0,738.0,1358,161,-16.0,738.0
1358.0,161.0,-16.0,738.0,1359,162,-13.0,739.0
1359.0,162.0,-13.0,739.0,1360,162,-16.0,739.0
1360.0,162.0,-16.0,739.0,1361,163,-16.0,739.0
1361.0,163.0,-16.0,739.0,1362,163,-17.0,739.0
1362.0,163.0,-17.0,739.0,1363,164,-14.0,740.0
1363.0,164.0,-14.0,740.0,1364,164,-16.0,740.0
1364.0,164.0,-16.0,740.0,1365,165,-15.0,739.0
1365.0,165.0,-15.0,739.0,1366,165,-15.0,740.0
1366.0,165.0,-15.0,740.0,1367,166,-14.0,743.0
1367.0,166.0,-14.0,743.0,1368,167,-16.0,743.0
1368.0,167.0,-16.0,743.0,1369,167,1.0,742.0
1369.0,167.0,1.0,742.0,1370,168,-1.0,744.0
1370.0,168.0,-1.0,744.0,1371,168,-2.0,746.0
1371.0,168.0,-2.0,746.0,1372,169,-4.0,745.0
1372.0,169.0,-4.0,745.0,1373,169,-3.0,746.0
1373.0,169.0,-3.0,746.0,1374,170,-5.0,748.0
1374.0,170.0,-5.0,748.0,1375,170,-2.0,749.0
1375.0,170.0,-2.0,749.0,1376,171,0.0,749.0
1376.0,171.0,0.0,749.0,1377,172,1.0,749.0
1377.0,172.0,1.0,749.0,1378,172,1.0,751.0
1378.0,172.0,1.0,751.0,1379,173,-7.0,751.0
1379.0,173.0,-7.0,751.0,1380,173,-7.0,751.0
1380.0,173.0,-7.0,751.0,1381,174,-8.0,751.0
1381.0,174.0,-8.0,751.0,1382,174,-4.0,752.0
1382.0,174.0,-4.0,752.0,1383,175,3.0,752.0
1383.0,175.0,3.0,752.0,1384,176,2.0,753.0
1384.0,176.0,2.0,753.0,1385,176,-3.0,755.0
1385.0,176.0,-3.0,755.0,1386,177,-1.0,755.0
1386.0,177.0,-1.0,755.0,1387,177,2.0,755.0
1387.0,177.0,2.0,755.0,1388,178,4.0,756.0
1388.0,178.0,4.0,756.0,1398,184,3.0,751.0
1398.0,184.0,3.0,751.0,1399,184,1.0,770.0
1399.0,184.0,1.0,770.0,1400,185,3.0,770.0
1400.0,185.0,3.0,770.0,1401,185,-4.0,770.0
1401.0,185.0,-4.0,770.0,1402,186,-11.0,771.0
1402.0,186.0,-11.0,771.0,1403,187,-9.0,771.0
1403.0,187.0,-9.0,771.0,1404,187,-10.0,774.0
1404.0,187.0,-10.0,774.0,1405,188,-2.0,775.0
1405.0,188.0,-2.0,775.0,1406,188,-9.0,775.0
1406.0,188.0,-9.0,775.0,1407,189,-9.0,779.0
1407.0,189.0,-9.0,779.0,1408,190,-10.0,779.0
1408.0,190.0,-10.0,779.0,1409,190,-9.0,781.0
1409.0,190.0,-9.0,781.0,1410,191,7.0,782.0
1410.0,191.0,7.0,782.0,1411,191,6.0,782.0
1411.0,191.0,6.0,782.0,1412,192,4.0,784.0
1412.0,192.0,4.0,784.0,1413,193,5.0,784.0
1413.0,193.0,5.0,784.0,1414,193,7.0,785.0
1414.0,193.0,7.0,785.0,1415,194,8.0,787.0
1415.0,194.0,8.0,787.0,1416,194,5.0,791.0
1416.0,194.0,5.0,791.0,1417,195,-8.0,791.0
1417.0,195.0,-8.0,791.0,1418,196,-9.0,793.0
1418.0,196.0,-9.0,793.0,1419,196,-7.0,793.0
1419.0,196.0,-7.0,793.0,1420,197,-8.0,793.0
1420.0,197.0,-8.0,793.0,1421,197,-9.0,797.0
1421.0,197.0,-9.0,797.0,1422,198,-9.0,798.0
1422.0,198.0,-9.0,798.0,1423,199,-9.0,800.0
1423.0,199.0,-9.0,800.0,1424,199,-8.0,803.0
1424.0,199.0,-8.0,803.0,1425,200,-8.0,804.0
1425.0,200.0,-8.0,804.0,1426,200,-6.0,803.0
1426.0,200.0,-6.0,803.0,1427,201,8.0,807.0
1427.0,201.0,8.0,807.0,1428,202,4.0,808.0
1428.0,202.0,4.0,808.0,1429,202,4.0,810.0
1429.0,202.0,4.0,810.0,1430,203,5.0,810.0
1430.0,203.0,5.0,810.0,1431,204,7.0,811.0
1431.0,204.0,7.0,811.0,1432,204,7.0,813.0
1432.0,204.0,7.0,813.0,1433,205,6.0,818.0
1433.0,205.0,6.0,818.0,1434,205,0.0,818.0
1434.0,205.0,0.0,818.0,1435,206,4.0,823.0
1435.0,206.0,4.0,823.0,1436,207,4.0,825.0
1436.0,207.0,4.0,825.0,1437,207,7.0,821.0
1437.0,207.0,7.0,821.0,1438,208,11.0,823.0
1438.0,208.0,11.0,823.0,1439,208,5.0,828.0
1439.0,208.0,5.0,828.0,1440,209,4.0,828.0
1440.0,209.0,4.0,828.0,1441,210,10.0,828.0
1441.0,210.0,10.0,828.0,1442,210,0.0,829.0
1442.0,210.0,0.0,829.0,1443,211,7.0,831.0
1443.0,211.0,7.0,831.0,1444,212,8.0,833.0
1444.0,212.0,8.0,833.0,1445,212,1.0,836.0
1445.0,212.0,1.0,836.0,1446,213,6.0,841.0
1446.0,213.0,6.0,841.0,1447,214,4.0,841.0
1447.0,214.0,4.0,841.0,1448,214,5.0,841.0
1448.0,214.0,5.0,841.0,1449,215,5.0,841.0
1449.0,215.0,5.0,841.0,1450,215,5.0,842.0
1450.0,215.0,5.0,842.0,1451,216,5.0,842.0
1451.0,216.0,5.0,842.0,1452,217,5.0,845.0
1452.0,217.0,5.0,845.0,1453,217,5.0,850.0
1453.0,217.0,5.0,850.0,1454,218,3.0,854.0
1454.0,218.0,3.0,854.0,1455,219,-4.0,858.0
1455.0,219.0,-4.0,858.0,1456,219,-1.0,859.0
1456.0,219.0,-1.0,859.0,1457,220,-5.0,860.0
1457.0,220.0,-5.0,860.0,1458,220,-1.0,859.0
1458.0,220.0,-1.0,859.0,1459,221,-2.0,861.0
1459.0,221.0,-2.0,861.0,1460,222,-4.0,865.0
1460.0,222.0,-4.0,865.0,1461,222,-7.0,870.0
1461.0,222.0,-7.0,870.0,1462,223,-5.0,871.0
1462.0,223.0,-5.0,871.0,1463,224,-1.0,871.0
1463.0,224.0,-1.0,871.0,1464,224,-6.0,871.0
1464.0,224.0,-6.0,871.0,1465,225,-3.0,870.0
1465.0,225.0,-3.0,870.0,1466,226,-6.0,873.0
1466.0,226.0,-6.0,873.0,1467,226,-4.0,877.0
1467.0,226.0,-4.0,877.0,1468,227,5.0,879.0
1468.0,227.0,5.0,879.0,1469,228,1.0,881.0
1469.0,228.0,1.0,881.0,1470,228,1.0,879.0
1470.0,228.0,1.0,879.0,1471,229,4.0,880.0
1471.0,229.0,4.0,880.0,1472,229,5.0,879.0
1472.0,229.0,5.0,879.0,1473,230,4.0,881.0
1473.0,230.0,4.0,881.0,1474,231,2.0,889.0
1474.0,231.0,2.0,889.0,1475,231,2.0,890.0
1475.0,231.0,2.0,890.0,1476,232,2.0,888.0
1476.0,232.0,2.0,888.0,1477,233,0.0,888.0
1477.0,233.0,0.0,888.0,1478,233,1.0,887.0
1478.0,233.0,1.0,887.0,1479,234,3.0,890.0
1479.0,234.0,3.0,890.0,1480,235,1.0,893.0
1480.0,235.0,1.0,893.0,1481,235,1.0,893.0
1481.0,235.0,1.0,893.0,1482,236,2.0,893.0
1482.0,236.0,2.0,893.0,1483,237,1.0,892.0
1483.0,237.0,1.0,892.0,1484,237,4.0,895.0
1484.0,237.0,4.0,895.0,1485,238,3.0,899.0
1485.0,238.0,3.0,899.0,1486,239,-1.0,901.0
1486.0,239.0,-1.0,901.0,1487,239,-5.0,901.0
1487.0,239.0,-5.0,901.0,1488,240,-6.0,902.0
1488.0,240.0,-6.0,902.0,1489,240,-8.0,903.0
1489.0,240.0,-8.0,903.0,1490,241,-10.0,904.0
1490.0,241.0,-10.0,904.0,1491,242,-8.0,906.0
1491.0,242.0,-8.0,906.0,1492,242,-10.0,910.0
1492.0,242.0,-10.0,910.0,1493,243,-11.0,905.0
1493.0,243.0,-11.0,905.0,1494,244,-8.0,904.0
1494.0,244.0,-8.0,904.0,1495,244,-7.0,903.0
1495.0,244.0,-7.0,903.0,1496,245,-8.0,906.0
1496.0,245.0,-8.0,906.0,1497,246,-5.0,909.0
1497.0,246.0,-5.0,909.0,1498,246,-9.0,907.0
1498.0,246.0,-9.0,907.0,1499,247,-2.0,903.0
1499.0,247.0,-2.0,903.0,1500,248,-4.0,903.0
1500.0,248.0,-4.0,903.0,1501,248,3.0,903.0
1501.0,248.0,3.0,903.0,1502,249,0.0,907.0
1502.0,249.0,0.0,907.0,1503,250,3.0,909.0
1503.0,250.0,3.0,909.0,1504,250,-1.0,910.0
1504.0,250.0,-1.0,910.0,1505,251,2.0,906.0
1505.0,251.0,2.0,906.0,1506,252,-1.0,907.0
1506.0,252.0,-1.0,907.0,1507,252,-3.0,907.0
1507.0,252.0,-3.0,907.0,1508,253,-2.0,907.0
1508.0,253.0,-2.0,907.0,1509,254,3.0,910.0
1509.0,254.0,3.0,910.0,1510,254,2.0,908.0
1510.0,254.0,2.0,908.0,1511,255,0.0,908.0
1511.0,255.0,0.0,908.0,1512,255,0.0,906.0
1512.0,255.0,0.0,906.0,1513,256,-1.0,907.0
1513.0,256.0,-1.0,907.0,1514,257,0.0,906.0
1514.0,257.0,0.0,906.0,1515,257,3.0,906.0
1515.0,257.0,3.0,906.0,1516,258,4.0,909.0
1516.0,258.0,4.0,909.0,1517,259,2.0,911.0
1517.0,259.0,2.0,911.0,1518,259,-8.0,909.0
1518.0,259.0,-8.0,909.0,1519,260,5.0,906.0
1519.0,260.0,5.0,906.0,1520,261,-2.0,905.0
1520.0,261.0,-2.0,905.0,1521,261,-1.0,905.0
1521.0,261.0,-1.0,905.0,1522,262,-2.0,905.0
1522.0,262.0,-2.0,905.0,1523,263,-10.0,905.0
1523.0,263.0,-10.0,905.0,1524,263,-4.0,904.0
1524.0,263.0,-4.0,904.0,1525,264,-2.0,902.0
1525.0,264.0,-2.0,902.0,1526,265,-2.0,900.0
1526.0,265.0,-2.0,900.0,1527,265,-6.0,900.0
1527.0,265.0,-6.0,900.0,1528,266,-4.0,898.0
1528.0,266.0,-4.0,898.0,1529,267,3.0,900.0
1529.0,267.0,3.0,900.0,1530,267,-4.0,899.0
1530.0,267.0,-4.0,899.0,1531,268,-10.0,900.0
1531.0,268.0,-10.0,900.0,1532,268,-3.0,900.0
1532.0,268.0,-3.0,900.0,1533,269,-4.0,896.0
1533.0,269.0,-4.0,896.0,1534,270,-2.0,898.0
1534.0,270.0,-2.0,898.0,1535,270,-1.0,900.0
1535.0,270.0,-1.0,900.0,1536,271,-4.0,901.0
1536.0,271.0,-4.0,901.0,1537,272,-7.0,900.0
1537.0,272.0,-7.0,900.0,1538,272,-3.0,898.0
1538.0,272.0,-3.0,898.0,1539,273,-1.0,896.0
1539.0,273.0,-1.0,896.0,1540,274,-3.0,896.0
1540.0,274.0,-3.0,896.0,1541,274,-8.0,895.0
1541.0,274.0,-8.0,895.0,1542,275,-9.0,895.0
1542.0,275.0,-9.0,895.0,1543,276,-7.0,896.0
1543.0,276.0,-7.0,896.0,1544,276,1.0,894.0
1544.0,276.0,1.0,894.0,1545,277,3.0,891.0
1545.0,277.0,3.0,891.0,1546,277,-7.0,889.0
1546.0,277.0,-7.0,889.0,1547,278,-8.0,887.0
1547.0,278.0,-8.0,887.0,1548,279,-8.0,887.0
1548.0,279.0,-8.0,887.0,1549,279,-2.0,887.0
1549.0,279.0,-2.0,887.0,1550,280,-1.0,888.0
1550.0,280.0,-1.0,888.0,1551,281,0.0,886.0
1551.0,281.0,0.0,886.0,1552,281,-6.0,886.0
1552.0,281.0,-6.0,886.0,1553,282,-9.0,884.0
1553.0,282.0,-9.0,884.0,1554,283,-7.0,882.0
1554.0,283.0,-7.0,882.0,1555,283,-6.0,883.0
1555.0,283.0,-6.0,883.0,1556,284,-5.0,883.0
1556.0,284.0,-5.0,883.0,1557,284,-6.0,883.0
1557.0,284.0,-6.0,883.0,1558,285,-6.0,880.0
1558.0,285.0,-6.0,880.0,1559,286,-7.0,879.0
1559.0,286.0,-7.0,879.0,1560,286,-10.0,877.0
1560.0,286.0,-10.0,877.0,1561,287,-8.0,877.0
1561.0,287.0,-8.0,877.0,1562,288,-5.0,877.0
1562.0,288.0,-5.0,877.0,1563,288,-6.0,879.0
1563.0,288.0,-6.0,879.0,1564,289,-7.0,877.0
1564.0,289.0,-7.0,877.0,1565,290,-6.0,874.0
1565.0,290.0,-6.0,874.0,1566,290,-6.0,876.0
1566.0,290.0,-6.0,876.0,1567,291,-5.0,872.0
1567.0,291.0,-5.0,872.0,1568,291,-5.0,876.0
1568.0,291.0,-5.0,876.0,1569,292,-4.0,873.0
1569.0,292.0,-4.0,873.0,1570,293,-6.0,873.0
1570.0,293.0,-6.0,873.0,1571,293,-3.0,873.0
1571.0,293.0,-3.0,873.0,1572,294,-6.0,869.0
1572.0,294.0,-6.0,869.0,1573,295,-2.0,872.0
1573.0,295.0,-2.0,872.0,1574,295,4.0,868.0
1574.0,295.0,4.0,868.0,1575,296,0.0,871.0
1575.0,296.0,0.0,871.0,1576,296,-1.0,869.0
1576.0,296.0,-1.0,869.0,1577,297,-3.0,866.0
1577.0,297.0,-3.0,866.0,1578,298,-5.0,868.0
1578.0,298.0,-5.0,868.0,1579,298,-3.0,862.0
1579.0,298.0,-3.0,862.0,1580,299,-2.0,867.0
1580.0,299.0,-2.0,867.0,1581,299,-1.0,862.0
1581.0,299.0,-1.0,862.0,1582,300,-1.0,862.0
1582.0,300.0,-1.0,862.0,1583,301,-4.0,862.0
1583.0,301.0,-4.0,862.0,1584,301,-2.0,860.0
1584.0,301.0,-2.0,860.0,1585,302,-2.0,864.0
1585.0,302.0,-2.0,864.0,1586,303,-1.0,858.0
1586.0,303.0,-1.0,858.0,1587,303,-1.0,860.0
1587.0,303.0,-1.0,860.0,1588,304,0.0,858.0
1588.0,304.0,0.0,858.0,1589,304,-2.0,857.0
1589.0,304.0,-2.0,857.0,1590,305,-1.0,860.0
1590.0,305.0,-1.0,860.0,1591,306,-1.0,852.0
1591.0,306.0,-1.0,852.0,1592,306,0.0,857.0
1592.0,306.0,0.0,857.0,1593,307,-1.0,852.0
1593.0,307.0,-1.0,852.0,1594,307,-6.0,855.0
1594.0,307.0,-6.0,855.0,1595,308,-7.0,855.0
1595.0,308.0,-7.0,855.0,1596,309,-6.0,850.0
1596.0,309.0,-6.0,850.0,1597,309,-8.0,855.0
1597.0,309.0,-8.0,855.0,1598,310,-4.0,849.0
1598.0,310.0,-4.0,849.0,1599,310,-7.0,853.0
1599.0,310.0,-7.0,853.0,1600,311,-7.0,850.0
1600.0,311.0,-7.0,850.0,1601,312,-2.0,853.0
1601.0,312.0,-2.0,853.0,1602,312,-5.0,852.0
1602.0,312.0,-5.0,852.0,1603,313,-5.0,847.0
1603.0,313.0,-5.0,847.0,1604,313,-11.0,850.0
1604.0,313.0,-11.0,850.0,1605,314,-13.0,846.0
1605.0,314.0,-13.0,846.0,1606,315,-10.0,850.0
1606.0,315.0,-10.0,850.0,1607,315,-12.0,846.0
1607.0,315.0,-12.0,846.0,1608,316,-8.0,847.0
1608.0,316.0,-8.0,847.0,1609,316,-7.0,847.0
1609.0,316.0,-7.0,847.0,1613,319,-2.0,846.0
1613.0,319.0,-2.0,846.0,1614,319,-8.0,837.0
1614.0,319.0,-8.0,837.0,1615,320,-5.0,842.0
1615.0,320.0,-5.0,842.0,1616,320,-8.0,848.0
1616.0,320.0,-8.0,848.0,1617,321,-8.0,840.0
1617.0,321.0,-8.0,840.0,1618,322,-7.0,845.0
1618.0,322.0,-7.0,845.0,1619,322,-8.0,841.0
1619.0,322.0,-8.0,841.0,1620,323,-9.0,844.0
1620.0,323.0,-9.0,844.0,1621,323,-13.0,842.0
1621.0,323.0,-13.0,842.0,1622,324,-9.0,841.0
1622.0,324.0,-9.0,841.0,1623,324,-10.0,840.0
1623.0,324.0,-10.0,840.0,1624,325,-8.0,837.0
1624.0,325.0,-8.0,837.0,1625,326,-8.0,839.0
1625.0,326.0,-8.0,839.0,1626,326,-11.0,839.0
1626.0,326.0,-11.0,839.0,1627,327,-9.0,838.0
1627.0,327.0,-9.0,838.0,1628,327,-8.0,839.0
1628.0,327.0,-8.0,839.0,1629,328,-8.0,837.0
1629.0,328.0,-8.0,837.0,1630,328,-6.0,838.0
1630.0,328.0,-6.0,838.0,1631,329,-6.0,837.0
1631.0,329.0,-6.0,837.0,1632,330,-4.0,836.0
1632.0,330.0,-4.0,836.0,1633,330,-4.0,834.0
1633.0,330.0,-4.0,834.0,1634,331,-5.0,834.0
1634.0,331.0,-5.0,834.0,1635,331,-7.0,833.0
1635.0,331.0,-7.0,833.0,1636,332,-14.0,834.0
1636.0,332.0,-14.0,834.0,1637,332,-10.0,833.0
1637.0,332.0,-10.0,833.0,1638,333,-9.0,833.0
1638.0,333.0,-9.0,833.0,1639,334,-6.0,832.0
1639.0,334.0,-6.0,832.0,1640,334,-8.0,832.0
1640.0,334.0,-8.0,832.0,1641,335,-6.0,831.0
1641.0,335.0,-6.0,831.0,1642,335,-13.0,829.0
1642.0,335.0,-13.0,829.0,1643,336,-11.0,832.0
1643.0,336.0,-11.0,832.0,1644,336,-10.0,832.0
1644.0,336.0,-10.0,832.0,1645,337,-3.0,832.0
1645.0,337.0,-3.0,832.0,1646,337,-8.0,831.0
1646.0,337.0,-8.0,831.0,1647,338,-3.0,831.0
1647.0,338.0,-3.0,831.0,1648,339,-14.0,830.0
1648.0,339.0,-14.0,830.0,1649,339,-8.0,830.0
1649.0,339.0,-8.0,830.0,1650,340,-8.0,833.0
1650.0,340.0,-8.0,833.0,1651,340,-8.0,833.0
1651.0,340.0,-8.0,833.0,1652,341,-15.0,834.0
1652.0,341.0,-15.0,834.0,1653,341,-15.0,833.0
1653.0,341.0,-15.0,833.0,1654,342,-17.0,829.0
1654.0,342.0,-17.0,829.0,1655,342,-14.0,831.0
1655.0,342.0,-14.0,831.0,1656,343,-3.0,832.0
1656.0,343.0,-3.0,832.0,1657,343,-9.0,836.0
1657.0,343.0,-9.0,836.0,1658,344,-8.0,835.0
1658.0,344.0,-8.0,835.0,1659,345,-7.0,832.0
1659.0,345.0,-7.0,832.0,1660,345,-5.0,832.0
1660.0,345.0,-5.0,832.0,1661,346,-5.0,831.0
1661.0,346.0,-5.0,831.0,1662,346,-3.0,831.0
1662.0,346.0,-3.0,831.0,1663,347,-6.0,832.0
1663.0,347.0,-6.0,832.0,1664,347,-8.0,832.0
1664.0,347.0,-8.0,832.0,1665,348,-7.0,833.0
1665.0,348.0,-7.0,833.0,1666,348,-8.0,834.0
1666.0,348.0,-8.0,834.0,1667,349,-9.0,833.0
1667.0,349.0,-9.0,833.0,1668,349,-4.0,831.0
1668.0,349.0,-4.0,831.0,1669,350,-12.0,833.0
1669.0,350.0,-12.0,833.0,1670,350,-12.0,834.0
1670.0,350.0,-12.0,834.0,1671,351,-7.0,832.0
1671.0,351.0,-7.0,832.0,1672,351,-5.0,833.0
1672.0,351.0,-5.0,833.0,1673,352,-6.0,836.0
1673.0,352.0,-6.0,836.0,1674,352,-6.0,835.0
1674.0,352.0,-6.0,835.0,1675,353,-6.0,835.0
1675.0,353.0,-6.0,835.0,1676,354,-11.0,837.0
1676.0,354.0,-11.0,837.0,1677,354,-8.0,835.0
1677.0,354.0,-8.0,835.0,1678,355,-11.0,836.0
1678.0,355.0,-11.0,836.0,1679,355,-12.0,836.0
1679.0,355.0,-12.0,836.0,1680,356,-11.0,835.0
1680.0,356.0,-11.0,835.0,1681,356,-12.0,837.0
1681.0,356.0,-12.0,837.0,1682,357,-13.0,839.0
1682.0,357.0,-13.0,839.0,1683,357,-15.0,837.0
1683.0,357.0,-15.0,837.0,1684,358,-14.0,837.0
1684.0,358.0,-14.0,837.0,1685,358,-14.0,838.0
1685.0,358.0,-14.0,838.0,1686,359,-13.0,838.0
1686.0,359.0,-13.0,838.0,1687,359,-11.0,838.0
1687.0,359.0,-11.0,838.0,1688,0,-13.0,840.0
1688.0,0.0,-13.0,840.0,1689,0,-10.0,840.0
1689.0,0.0,-10.0,840.0,1690,1,-14.0,840.0
1690.0,1.0,-14.0,840.0,1692,2,-11.0,820.0
1692.0,2.0,-11.0,820.0,1693,2,-12.0,840.0
1693.0,2.0,-12.0,840.0,1694,3,-12.0,840.0
1694.0,3.0,-12.0,840.0,1695,3,-13.0,840.0
1695.0,3.0,-13.0,840.0,1696,4,-17.0,841.0
1696.0,4.0,-17.0,841.0,1697,4,-15.0,841.0
1697.0,4.0,-15.0,841.0,1698,5,-12.0,842.0
1698.0,5.0,-12.0,842.0,1699,5,-12.0,843.0
1699.0,5.0,-12.0,843.0,1700,6,-14.0,842.0
1700.0,6.0,-14.0,842.0,1701,6,-12.0,841.0
1701.0,6.0,-12.0,841.0,1702,7,-12.0,842.0
1702.0,7.0,-12.0,842.0,1703,7,-12.0,843.0
1703.0,7.0,-12.0,843.0,1704,8,-14.0,844.0
1704.0,8.0,-14.0,844.0,1705,8,-11.0,845.0
1705.0,8.0,-11.0,845.0,1706,9,-17.0,845.0
1706.0,9.0,-17.0,845.0,1707,9,-12.0,846.0
1707.0,9.0,-12.0,846.0,1708,10,-13.0,846.0
1708.0,10.0,-13.0,846.0,1709,10,-14.0,847.0
1709.0,10.0,-14.0,847.0,1710,11,-12.0,848.0
1710.0,11.0,-12.0,848.0,1711,11,-13.0,848.0
1711.0,11.0,-13.0,848.0,1712,12,-11.0,849.0
1712.0,12.0,-11.0,849.0,1713,12,-10.0,850.0
1713.0,12.0,-10.0,850.0,1714,13,-13.0,849.0
1714.0,13.0,-13.0,849.0,1715,13,-10.0,851.0
1715.0,13.0,-10.0,851.0,1716,14,-10.0,850.0
1716.0,14.0,-10.0,850.0,1717,14,-12.0,851.0
1717.0,14.0,-12.0,851.0,1718,15,-16.0,852.0
1718.0,15.0,-16.0,852.0,1719,15,-19.0,853.0
1719.0,15.0,-19.0,853.0,1720,16,-17.0,853.0
1720.0,16.0,-17.0,853.0,1721,16,-16.0,852.0
1721.0,16.0,-16.0,852.0,1722,17,-13.0,854.0
1722.0,17.0,-13.0,854.0,1723,17,-16.0,854.0
1723.0,17.0,-16.0,854.0,1724,18,-21.0,856.0
1724.0,18.0,-21.0,856.0,1725,18,-18.0,857.0
1725.0,18.0,-18.0,857.0,1726,19,-17.0,855.0
1726.0,19.0,-17.0,855.0,1727,19,-13.0,855.0
1727.0,19.0,-13.0,855.0,1728,20,-16.0,855.0
1728.0,20.0,-16.0,855.0,1729,20,-19.0,858.0
1729.0,20.0,-19.0,858.0,1730,21,-20.0,858.0
1730.0,21.0,-20.0,858.0,1731,21,-24.0,857.0
1731.0,21.0,-24.0,857.0,1732,22,-24.0,858.0
1732.0,22.0,-24.0,858.0,1733,22,-21.0,859.0
1733.0,22.0,-21.0,859.0,1734,23,-22.0,859.0
1734.0,23.0,-22.0,859.0,1735,23,-13.0,861.0
1735.0,23.0,-13.0,861.0,1736,23,-16.0,860.0
1736.0,23.0,-16.0,860.0,1737,24,-19.0,861.0
1737.0,24.0,-19.0,861.0,1738,24,-22.0,861.0
1738.0,24.0,-22.0,861.0,1739,25,-22.0,861.0
1739.0,25.0,-22.0,861.0,1740,25,-21.0,861.0
1740.0,25.0,-21.0,861.0,1741,26,-18.0,863.0
1741.0,26.0,-18.0,863.0,1742,26,-12.0,865.0
1742.0,26.0,-12.0,865.0,1743,27,-21.0,863.0
1743.0,27.0,-21.0,863.0,1744,27,-22.0,863.0
1744.0,27.0,-22.0,863.0,1745,28,-19.0,865.0
1745.0,28.0,-19.0,865.0,1746,28,-16.0,866.0
1746.0,28.0,-16.0,866.0,1747,29,-16.0,866.0
1747.0,29.0,-16.0,866.0,1748,29,-19.0,867.0
1748.0,29.0,-19.0,867.0,1749,30,-21.0,867.0
1749.0,30.0,-21.0,867.0,1750,30,-17.0,867.0
1750.0,30.0,-17.0,867.0,1751,31,-23.0,867.0
1751.0,31.0,-23.0,867.0,1752,31,-16.0,867.0
1752.0,31.0,-16.0,867.0,1753,32,-16.0,868.0
1753.0,32.0,-16.0,868.0,1754,32,-20.0,870.0
1754.0,32.0,-20.0,870.0,1755,32,-22.0,870.0
1755.0,32.0,-22.0,870.0,1756,33,-23.0,871.0
1756.0,33.0,-23.0,871.0,1757,33,-21.0,871.0
1757.0,33.0,-21.0,871.0,1758,34,-20.0,871.0
1758.0,34.0,-20.0,871.0,1759,34,-20.0,871.0
1759.0,34.0,-20.0,871.0,1760,35,-18.0,872.0
1760.0,35.0,-18.0,872.0,1761,35,-20.0,872.0
1761.0,35.0,-20.0,872.0,1762,36,-20.0,872.0
1762.0,36.0,-20.0,872.0,1763,36,-20.0,873.0
1763.0,36.0,-20.0,873.0,1764,37,-18.0,872.0
1764.0,37.0,-18.0,872.0,1765,37,-20.0,873.0
1765.0,37.0,-20.0,873.0,1766,38,-17.0,873.0
1766.0,38.0,-17.0,873.0,1767,38,-22.0,874.0
1767.0,38.0,-22.0,874.0,1768,39,-22.0,875.0
1768.0,39.0,-22.0,875.0,1769,39,-23.0,875.0
1769.0,39.0,-23.0,875.0,1770,39,-19.0,875.0
1770.0,39.0,-19.0,875.0,1771,40,-22.0,876.0
1771.0,40.0,-22.0,876.0,1772,40,-20.0,876.0
1772.0,40.0,-20.0,876.0,1773,41,-22.0,876.0
1773.0,41.0,-22.0,876.0,1774,41,-18.0,877.0
1774.0,41.0,-18.0,877.0,1775,42,-22.0,877.0
1775.0,42.0,-22.0,877.0,1776,42,-24.0,877.0
1776.0,42.0,-24.0,877.0,1777,43,-22.0,877.0
1777.0,43.0,-22.0,877.0,1778,43,-23.0,877.0
1778.0,43.0,-23.0,877.0,1779,44,-23.0,878.0
1779.0,44.0,-23.0,878.0,1780,44,-20.0,879.0
1780.0,44.0,-20.0,879.0,1781,45,-22.0,879.0
1781.0,45.0,-22.0,879.0,1782,45,-22.0,878.0
1782.0,45.0,-22.0,878.0,1783,45,-23.0,879.0
1783.0,45.0,-23.0,879.0,1784,46,-22.0,883.0
1784.0,46.0,-22.0,883.0,1785,46,-20.0,881.0
1785.0,46.0,-20.0,881.0,1787,47,-26.0,881.0
1787.0,47.0,-26.0,881.0,1788,48,-21.0,881.0
1788.0,48.0,-21.0,881.0,1789,48,-19.0,881.0
1789.0,48.0,-19.0,881.0,1790,49,-22.0,882.0
1790.0,49.0,-22.0,882.0,1791,49,-23.0,882.0
1791.0,49.0,-23.0,882.0,1792,50,-27.0,883.0
1792.0,50.0,-27.0,883.0,1793,50,-22.0,883.0
1793.0,50.0,-22.0,883.0,1794,50,-25.0,883.0
1794.0,50.0,-25.0,883.0,1795,51,-19.0,882.0
1795.0,51.0,-19.0,882.0,1796,51,-23.0,883.0
1796.0,51.0,-23.0,883.0,1797,52,-27.0,884.0
1797.0,52.0,-27.0,884.0,1798,52,-25.0,883.0
1798.0,52.0,-25.0,883.0,1799,53,-24.0,883.0
1799.0,53.0,-24.0,883.0,1800,53,-24.0,883.0
1800.0,53.0,-24.0,883.0,1801,54,-21.0,882.0
1801.0,54.0,-21.0,882.0,1802,54,-26.0,882.0
1802.0,54.0,-26.0,882.0,1803,55,-25.0,882.0
1803.0,55.0,-25.0,882.0,1804,55,-29.0,883.0
1804.0,55.0,-29.0,883.0,1805,55,-27.0,883.0
1805.0,55.0,-27.0,883.0,1806,56,-25.0,884.0
1806.0,56.0,-25.0,884.0,1807,56,-23.0,884.0
1807.0,56.0,-23.0,884.0,1808,57,-26.0,884.0
1808.0,57.0,-26.0,884.0,1809,57,-25.0,884.0
1809.0,57.0,-25.0,884.0,1810,58,-25.0,883.0
1810.0,58.0,-25.0,883.0,1811,58,-25.0,882.0
1811.0,58.0,-25.0,882.0,1812,59,-23.0,882.0
1812.0,59.0,-23.0,882.0,1813,59,-27.0,881.0
1813.0,59.0,-27.0,881.0,1814,59,-26.0,881.0
1814.0,59.0,-26.0,881.0,1815,60,-29.0,881.0
1815.0,60.0,-29.0,881.0,1816,60,-30.0,882.0
1816.0,60.0,-30.0,882.0,1817,61,-29.0,882.0
1817.0,61.0,-29.0,882.0,1818,61,-25.0,881.0
1818.0,61.0,-25.0,881.0,1819,62,-28.0,880.0
1819.0,62.0,-28.0,880.0,1820,62,-29.0,881.0
1820.0,62.0,-29.0,881.0,1821,63,-29.0,882.0
1821.0,63.0,-29.0,882.0,1822,63,-27.0,881.0
1822.0,63.0,-27.0,881.0,1823,64,-28.0,879.0
1823.0,64.0,-28.0,879.0,1824,64,-28.0,879.0
1824.0,64.0,-28.0,879.0,1825,64,-27.0,878.0
1825.0,64.0,-27.0,878.0,1826,65,-26.0,878.0
1826.0,65.0,-26.0,878.0,1827,65,-28.0,879.0
1827.0,65.0,-28.0,879.0,1828,66,-27.0,878.0
1828.0,66.0,-27.0,878.0,1829,66,-29.0,877.0
1829.0,66.0,-29.0,877.0,1830,67,-23.0,877.0
1830.0,67.0,-23.0,877.0,1831,67,-26.0,876.0
1831.0,67.0,-26.0,876.0,1832,68,-30.0,875.0
1832.0,68.0,-30.0,875.0,1833,68,-30.0,875.0
1833.0,68.0,-30.0,875.0,1834,68,-25.0,875.0
1834.0,68.0,-25.0,875.0,1835,69,-31.0,873.0
1835.0,69.0,-31.0,873.0,1836,69,-29.0,873.0
1836.0,69.0,-29.0,873.0,1837,70,-28.0,872.0
1837.0,70.0,-28.0,872.0,1838,70,-27.0,872.0
1838.0,70.0,-27.0,872.0,1839,71,-30.0,872.0
1839.0,71.0,-30.0,872.0,1840,71,-29.0,871.0
1840.0,71.0,-29.0,871.0,1841,72,-32.0,870.0
1841.0,72.0,-32.0,870.0,1842,72,-27.0,869.0
1842.0,72.0,-27.0,869.0,1843,72,-29.0,869.0
1843.0,72.0,-29.0,869.0,1844,73,-28.0,869.0
1844.0,73.0,-28.0,869.0,1845,73,-29.0,868.0
1845.0,73.0,-29.0,868.0,1846,74,-30.0,868.0
1846.0,74.0,-30.0,868.0,1847,74,-30.0,866.0
1847.0,74.0,-30.0,866.0,1848,75,-28.0,865.0
1848.0,75.0,-28.0,865.0,1849,75,-24.0,864.0
1849.0,75.0,-24.0,864.0,1850,76,-30.0,864.0
1850.0,76.0,-30.0,864.0,1851,76,-30.0,864.0
1851.0,76.0,-30.0,864.0,1852,77,-31.0,863.0
1852.0,77.0,-31.0,863.0,1853,77,-32.0,862.0
1853.0,77.0,-32.0,862.0,1854,77,-26.0,861.0
1854.0,77.0,-26.0,861.0,1855,78,-32.0,861.0
1855.0,78.0,-32.0,861.0,1856,78,-28.0,859.0
1856.0,78.0,-28.0,859.0,1857,79,-30.0,858.0
1857.0,79.0,-30.0,858.0,1858,79,-28.0,857.0
1858.0,79.0,-28.0,857.0,1859,80,-30.0,857.0
1859.0,80.0,-30.0,857.0,1860,80,-31.0,857.0
1860.0,80.0,-31.0,857.0,1861,81,-29.0,855.0
1861.0,81.0,-29.0,855.0,1862,81,-30.0,854.0
1862.0,81.0,-30.0,854.0,1863,81,-30.0,853.0
1863.0,81.0,-30.0,853.0,1864,82,-22.0,852.0
1864.0,82.0,-22.0,852.0,1865,82,-31.0,852.0
1865.0,82.0,-31.0,852.0,1866,83,-28.0,850.0
1866.0,83.0,-28.0,850.0,1867,83,-24.0,848.0
1867.0,83.0,-24.0,848.0,1868,84,-24.0,848.0
1868.0,84.0,-24.0,848.0,1869,84,-24.0,846.0
1869.0,84.0,-24.0,846.0,1870,85,-29.0,845.0
1870.0,85.0,-29.0,845.0,1871,85,-30.0,844.0
1871.0,85.0,-30.0,844.0,1872,86,-29.0,843.0
1872.0,86.0,-29.0,843.0,1873,86,-25.0,842.0
1873.0,86.0,-25.0,842.0,1874,86,-29.0,840.0
1874.0,86.0,-29.0,840.0,1875,87,-23.0,839.0
1875.0,87.0,-23.0,839.0,1876,87,-29.0,838.0
1876.0,87.0,-29.0,838.0,1877,88,-30.0,837.0
1877.0,88.0,-30.0,837.0,1878,88,-29.0,835.0
1878.0,88.0,-29.0,835.0,1879,89,-31.0,834.0
1879.0,89.0,-31.0,834.0,1880,89,-30.0,833.0
1880.0,89.0,-30.0,833.0,1881,90,-28.0,832.0
1881.0,90.0,-28.0,832.0,1882,90,-31.0,831.0
1882.0,90.0,-31.0,831.0,1883,91,-28.0,830.0
1883.0,91.0,-28.0,830.0,1884,91,-29.0,829.0
1884.0,91.0,-29.0,829.0,1885,91,-30.0,827.0
1885.0,91.0,-30.0,827.0,1886,92,-27.0,826.0
1886.0,92.0,-27.0,826.0,1887,92,-26.0,824.0
1887.0,92.0,-26.0,824.0,1888,93,-25.0,823.0
1888.0,93.0,-25.0,823.0,1889,93,-28.0,822.0
1889.0,93.0,-28.0,822.0,1890,94,-28.0,821.0
1890.0,94.0,-28.0,821.0,1891,94,-25.0,819.0
1891.0,94.0,-25.0,819.0,1892,95,-29.0,817.0
1892.0,95.0,-29.0,817.0,1893,95,-25.0,816.0
1893.0,95.0,-25.0,816.0,1894,96,-28.0,815.0
1894.0,96.0,-28.0,815.0,1895,96,-29.0,814.0
1895.0,96.0,-29.0,814.0,1896,96,-23.0,812.0
1896.0,96.0,-23.0,812.0,1897,97,-27.0,811.0
1897.0,97.0,-27.0,811.0,1898,97,-27.0,810.0
1898.0,97.0,-27.0,810.0,1899,98,-23.0,808.0
1899.0,98.0,-23.0,808.0,1900,98,-25.0,807.0
1900.0,98.0,-25.0,807.0,1901,99,-28.0,806.0
1901.0,99.0,-28.0,806.0,1902,99,-27.0,804.0
1902.0,99.0,-27.0,804.0,1903,100,-25.0,803.0
1903.0,100.0,-25.0,803.0,1904,100,-27.0,801.0
1904.0,100.0,-27.0,801.0,1905,101,-22.0,800.0
1905.0,101.0,-22.0,800.0,1906,101,-23.0,799.0
1906.0,101.0,-23.0,799.0,1907,101,-29.0,798.0
1907.0,101.0,-29.0,798.0,1908,102,-28.0,796.0
1908.0,102.0,-28.0,796.0,1909,102,-27.0,795.0
1909.0,102.0,-27.0,795.0,1910,103,-23.0,794.0
1910.0,103.0,-23.0,794.0,1911,103,-22.0,792.0
1911.0,103.0,-22.0,792.0,1912,104,-25.0,791.0
1912.0,104.0,-25.0,791.0,1913,104,-27.0,791.0
1913.0,104.0,-27.0,791.0,1914,105,-21.0,790.0
1914.0,105.0,-21.0,790.0,1915,105,-23.0,788.0
1915.0,105.0,-23.0,788.0,1916,106,-22.0,787.0
1916.0,106.0,-22.0,787.0,1917,106,-19.0,786.0
1917.0,106.0,-19.0,786.0,1918,107,-18.0,784.0
1918.0,107.0,-18.0,784.0,1919,107,-26.0,783.0
1919.0,107.0,-26.0,783.0,1920,108,-25.0,782.0
1920.0,108.0,-25.0,782.0,1921,108,-19.0,781.0
1921.0,108.0,-19.0,781.0,1922,108,-24.0,780.0
1922.0,108.0,-24.0,780.0,1923,109,-23.0,778.0
1923.0,109.0,-23.0,778.0,1924,109,-21.0,777.0
1924.0,109.0,-21.0,777.0,1925,110,-19.0,777.0
1925.0,110.0,-19.0,777.0,1926,110,-24.0,775.0
1926.0,110.0,-24.0,775.0,1927,111,-24.0,774.0
1927.0,111.0,-24.0,774.0,1928,111,-24.0,773.0
1928.0,111.0,-24.0,773.0,1929,112,-26.0,771.0
1929.0,112.0,-26.0,771.0,1930,112,-24.0,770.0
1930.0,112.0,-24.0,770.0,1931,113,-22.0,770.0
1931.0,113.0,-22.0,770.0,1932,113,-24.0,768.0
1932.0,113.0,-24.0,768.0,1933,114,-23.0,767.0
1933.0,114.0,-23.0,767.0,1934,114,-21.0,766.0
1934.0,114.0,-21.0,766.0,1935,115,-21.0,765.0
1935.0,115.0,-21.0,765.0,1936,115,-20.0,764.0
1936.0,115.0,-20.0,764.0,1937,116,-22.0,763.0
1937.0,116.0,-22.0,763.0,1938,116,-24.0,762.0
1938.0,116.0,-24.0,762.0,1939,116,-20.0,760.0
1939.0,116.0,-20.0,760.0,1940,117,-19.0,759.0
1940.0,117.0,-19.0,759.0,1941,117,-20.0,758.0
1941.0,117.0,-20.0,758.0,1942,118,-27.0,757.0
1942.0,118.0,-27.0,757.0,1943,118,-28.0,756.0
1943.0,118.0,-28.0,756.0,1944,119,-21.0,755.0
1944.0,119.0,-21.0,755.0,1945,119,-22.0,754.0
1945.0,119.0,-22.0,754.0,1946,120,-20.0,753.0
1946.0,120.0,-20.0,753.0,1947,120,-19.0,751.0
1947.0,120.0,-19.0,751.0,1948,121,-18.0,752.0
1948.0,121.0,-18.0,752.0,1949,121,-20.0,751.0
1949.0,121.0,-20.0,751.0,1950,122,-15.0,750.0
1950.0,122.0,-15.0,750.0,1951,122,-23.0,749.0
1951.0,122.0,-23.0,749.0,1952,123,-25.0,748.0
1952.0,123.0,-25.0,748.0,1953,123,-22.0,747.0
1953.0,123.0,-22.0,747.0,1954,124,-17.0,745.0
1954.0,124.0,-17.0,745.0,1955,124,-21.0,745.0
1955.0,124.0,-21.0,745.0,1956,125,-14.0,744.0
1956.0,125.0,-14.0,744.0,1957,125,-21.0,742.0
1957.0,125.0,-21.0,742.0,1958,126,-14.0,741.0
1958.0,126.0,-14.0,741.0,1959,126,-15.0,740.0
1959.0,126.0,-15.0,740.0,1960,127,-14.0,740.0
1960.0,127.0,-14.0,740.0,1961,127,-21.0,740.0
1961.0,127.0,-21.0,740.0,1962,128,-14.0,738.0
1962.0,128.0,-14.0,738.0,1963,128,-14.0,737.0
1963.0,128.0,-14.0,737.0,1964,129,-16.0,736.0
1964.0,129.0,-16.0,736.0,1965,129,-12.0,735.0
1965.0,129.0,-12.0,735.0,1966,130,-18.0,735.0
1966.0,130.0,-18.0,735.0,1967,130,-15.0,734.0
1967.0,130.0,-15.0,734.0,1968,131,-19.0,732.0
1968.0,131.0,-19.0,732.0,1969,131,-16.0,732.0
1969.0,131.0,-16.0,732.0,1970,132,-16.0,731.0
1970.0,132.0,-16.0,731.0,1971,132,-13.0,731.0
1971.0,132.0,-13.0,731.0,1972,133,-14.0,730.0
1972.0,133.0,-14.0,730.0,1973,133,-18.0,730.0
1973.0,133.0,-18.0,730.0,1974,134,-13.0,729.0
1974.0,134.0,-13.0,729.0,1975,134,-16.0,729.0
1975.0,134.0,-16.0,729.0,1976,135,-10.0,728.0
1976.0,135.0,-10.0,728.0,1977,135,-10.0,727.0
